/* GENERATED by tools/gen_icons.py from tools/icons/openbridge-map.json and the Figma
 * export of the "OpenBridge Icon Pack" - DO NOT EDIT; run  python tools/gen_icons.py
 * OpenBridge icon trial: this file belongs to the trial (see ICONS-TRIAL.md).
 *
 * Size: 48 px   Bpp: 4   Glyphs: 29   Code points: U+E000..U+E01C (Private Use Area)
 *
 * LICENCE - this file holds licensed artwork and is NOT under NauticPinnace's
 * MIT licence:
 *   "OpenBridge Icon Pack" by OpenBridge
 *   https://www.figma.com/community/file/1445713209741917748/openbridge-icon-pack
 *   CC BY 4.0, https://creativecommons.org/licenses/by/4.0/
 *   Provided as is, without warranties of any kind (Section 5 of the licence).
 *   Licence text: LICENSES/CC-BY-4.0.txt. Exported from Figma on 2026-09-29.
 * Changes: rasterised into 4-bpp bitmap fonts and reduced to one colour.
 * Icons whose id ends in -google are based on Google Material Icons, (c) Google
 *   LLC, Apache License 2.0 (LICENSES/Apache-2.0.txt). Icons whose id ends in -iec
 *   are OpenBridge redrawings of IEC 62288 symbols; no rights of the IEC are granted.
 * NauticPinnace is not affiliated with or endorsed by OpenBridge.
 * Redistribute this file only together with that notice.
 */
#ifdef LV_LVGL_H_INCLUDE_SIMPLE
    #include "lvgl.h"
#else
    #include "lvgl/lvgl.h"
#endif

static LV_ATTRIBUTE_LARGE_CONST const uint8_t glyph_bitmap[] = {
    0xff, 0xff, 0x00, 0x00, 0x00, 0x00, 0x00, 0x00, 0x00, 0x00, 0x00, 0x00, 0x00, 0x00, 0x00, 0x00,
    0x00, 0x00, 0x00, 0x00, 0xff, 0xff, 0x8a, 0xce, 0xd9, 0x62, 0x00, 0x00, 0x00, 0x00, 0x00, 0x00,
    0x00, 0x00, 0x00, 0x00, 0x00, 0x00, 0x00, 0x00, 0xff, 0xff, 0xff, 0xff, 0xff, 0xff, 0xd9, 0x62,
    0x00, 0x00, 0x00, 0x00, 0x00, 0x00, 0x00, 0x00, 0x00, 0x00, 0x00, 0x00, 0xff, 0xff, 0xff, 0xff,
    0xff, 0xff, 0xff, 0xff, 0x00, 0x00, 0x00, 0x00, 0x00, 0x00, 0x00, 0x00, 0x00, 0x00, 0x00, 0x00,
    0xff, 0xff, 0xff, 0xff, 0xff, 0xff, 0xff, 0xff, 0x00, 0x00, 0xd9, 0x62, 0x00, 0x00, 0x00, 0x00,
    0x00, 0x00, 0x26, 0x9d, 0xff, 0xff, 0x75, 0x31, 0xff, 0xff, 0xff, 0xff, 0x00, 0x00, 0xff, 0xff,
    0xd9, 0x62, 0x00, 0x00, 0x26, 0x9d, 0xff, 0xff, 0xff, 0xff, 0x00, 0x00, 0xff, 0xff, 0xff, 0xff,
    0x00, 0x00, 0xff, 0xff, 0xff, 0xff, 0x00, 0x00, 0xff, 0xff, 0xff, 0xff, 0xff, 0xff, 0x00, 0x00,
    0xff, 0xff, 0xff, 0xff, 0x00, 0x00, 0xff, 0xff, 0xff, 0xff, 0x00, 0x00, 0xff, 0xff, 0xff, 0xff,
    0xff, 0xff, 0x00, 0x00, 0xff, 0xff, 0xff, 0xff, 0x00, 0x00, 0xff, 0xff, 0xff, 0xff, 0x00, 0x00,
    0xff, 0xff, 0xff, 0xff, 0xff, 0xff, 0x00, 0x00, 0xff, 0xff, 0xff, 0xff, 0x00, 0x00, 0xff, 0xff,
    0xff, 0xff, 0x00, 0x00, 0xff, 0xff, 0xff, 0xff, 0xff, 0xff, 0x00, 0x00, 0xff, 0xff, 0xff, 0xff,
    0x00, 0x00, 0xff, 0xff, 0xff, 0xff, 0x00, 0x00, 0xff, 0xff, 0xff, 0xff, 0xff, 0xff, 0x00, 0x00,
    0xff, 0xff, 0xff, 0xff, 0x00, 0x00, 0xff, 0xff, 0xff, 0xff, 0x00, 0x00, 0xff, 0xff, 0xff, 0xff,
    0xff, 0xff, 0x00, 0x00, 0xff, 0xff, 0xff, 0xff, 0x00, 0x00, 0xff, 0xff, 0xff, 0xff, 0x00, 0x00,
    0xff, 0xff, 0xff, 0xff, 0xff, 0xff, 0x00, 0x00, 0xff, 0xff, 0xff, 0xff, 0x00, 0x00, 0xff, 0xff,
    0xff, 0xff, 0x00, 0x00, 0xff, 0xff, 0xff, 0xff, 0xff, 0xff, 0x00, 0x00, 0xff, 0xff, 0xff, 0xff,
    0x00, 0x00, 0xff, 0xff, 0xff, 0xff, 0x00, 0x00, 0xff, 0xff, 0xff, 0xb4, 0xff, 0xff, 0xeb, 0x74,
    0xff, 0xff, 0xff, 0xff, 0x00, 0x00, 0xff, 0xff, 0xff, 0xff, 0x00, 0x00, 0xff, 0xff, 0xb4, 0x00,
    0xff, 0xff, 0xff, 0xff, 0xff, 0xff, 0xff, 0xff, 0x00, 0x00, 0xff, 0xff, 0xff, 0xff, 0x00, 0x00,
    0xff, 0xb4, 0x00, 0x00, 0xff, 0xff, 0xff, 0xff, 0xff, 0xff, 0xff, 0xff, 0x00, 0x00, 0xff, 0xff,
    0xff, 0xff, 0x00, 0x00, 0xb4, 0x00, 0x00, 0x00, 0xff, 0xff, 0xff, 0xff, 0xff, 0xff, 0xff, 0xff,
    0x00, 0x00, 0xff, 0xff, 0xff, 0xff, 0x00, 0x00, 0x00, 0x00, 0x00, 0x00, 0xff, 0xff, 0x26, 0x9d,
    0xff, 0xff, 0xff, 0xff, 0x00, 0x00, 0xff, 0xff, 0xff, 0xff, 0x00, 0x00, 0x00, 0x00, 0x00, 0x00,
    0xff, 0xff, 0x00, 0x00, 0x26, 0x9d, 0xff, 0xff, 0x00, 0x00, 0xff, 0xff, 0xd9, 0x62, 0x00, 0x00,
    0x00, 0x00, 0x00, 0x00, 0xff, 0xff, 0x00, 0x00, 0x00, 0x00, 0x26, 0x9d, 0x00, 0x00, 0xd9, 0x62,
    0x00, 0x00, 0x00, 0x00, 0x00, 0x00, 0x00, 0x00, 0xff, 0xff, 0x00, 0x00, 0x00, 0x00, 0x00, 0x00,
    0x00, 0x00, 0x00, 0x00, 0x00, 0x00, 0x00, 0x00, 0x00, 0x00, 0x00, 0x00, 0xff, 0xff, 0x00, 0x00,
    0x00, 0x00, 0x00, 0x00, 0x00, 0x00, 0x00, 0x00, 0x00, 0x00, 0x00, 0x00, 0x00, 0x00, 0x00, 0x00,
    0xff, 0xff, 0x00, 0x00, 0x00, 0x00, 0x00, 0x00, 0x00, 0x00, 0x00, 0x00, 0x00, 0x00, 0x00, 0x00,
    0x00, 0x00, 0x00, 0x00, 0xff, 0xff, 0x00, 0x00, 0x00, 0x00, 0x00, 0x00, 0x00, 0x00, 0x00, 0x00,
    0x00, 0x00, 0x00, 0x00, 0x00, 0x00, 0x00, 0x00, 0xff, 0xff, 0x00, 0x00, 0x00, 0x00, 0x00, 0x00,
    0x00, 0x00, 0x00, 0x00, 0x00, 0x00, 0x00, 0x00, 0x00, 0x00, 0x00, 0x00, 0xff, 0xff, 0x00, 0x00,
    0x00, 0x00, 0x00, 0x00, 0x00, 0x00, 0x00, 0x00, 0x00, 0x00, 0x00, 0x00, 0x00, 0x00, 0x00, 0x00,
    0xff, 0xff, 0x00, 0x00, 0x00, 0x00, 0x00, 0x00, 0x00, 0x00, 0x00, 0x00, 0x00, 0x00, 0x00, 0x00,
    0x00, 0x00, 0x00, 0x00, 0xff, 0xff, 0x00, 0x00, 0x00, 0x00, 0x00, 0x00, 0x00, 0x00, 0x00, 0x00,
    0x00, 0x00, 0x00, 0x00, 0x00, 0x00, 0x00, 0x00, 0xff, 0xff, 0x00, 0x00, 0x00, 0x00, 0x00, 0x00,
    0x00, 0x00, 0x00, 0x00, 0x00, 0x00, 0x00, 0x00, 0x00, 0x00, 0x00, 0x00, 0xff, 0xff, 0x00, 0x00,
    0x00, 0x00, 0x00, 0x00, 0x00, 0x00, 0x00, 0x00, 0x00, 0x00, 0x00, 0x00, 0x00, 0x00, 0x00, 0x00,
    0xff, 0xff, 0x00, 0x00, 0x00, 0x00, 0x00, 0x00, 0x00, 0x00, 0x00, 0x00, 0x00, 0x00, 0x00, 0x00,
    0x00, 0x00, 0x00, 0x00, 0xff, 0xff, 0x00, 0x00, 0x00, 0x00, 0x00, 0x00, 0x00, 0x00, 0x00, 0x00,
    0x00, 0x00, 0x00, 0x00, 0x00, 0x00, 0x00, 0x00, 0xff, 0xff, 0x00, 0x00, 0x00, 0x00, 0x00, 0x00,
    0x00, 0x00, 0x00, 0x00, 0x00, 0x00, 0x00, 0x00, 0x00, 0x00, 0x00, 0x00, 0xff, 0xff, 0x00, 0x00,
    0x00, 0x00, 0x00, 0x00, 0x00, 0x00, 0x00, 0x00, 0x00, 0x00, 0x00, 0x00, 0x00, 0x00, 0x00, 0x00,
    0xff, 0xff, 0x00, 0x00, 0x00, 0x00, 0x00, 0x00, 0x00, 0x00, 0x00, 0x00, 0x00, 0x00, 0x00, 0x00,
    0x00, 0x00, 0x00, 0x00, 0xff, 0xff, 0x00, 0x00, 0x00, 0x00, 0x00, 0x00, 0x00, 0x00, 0x00, 0x00,
    0x00, 0x00, 0x00, 0x00, 0x00, 0x00, 0x00, 0x00, 0xff, 0xff, 0x00, 0x00, 0x00, 0x00, 0x00, 0x00,
    0x00, 0x00, 0x00, 0x00, 0x00, 0x00, 0x00, 0x00, 0x00, 0x00, 0x00, 0x00, 0xff, 0xff, 0x00, 0x00,
    0x00, 0x00, 0x00, 0x00, 0x00, 0x00, 0x00, 0x00, 0x00, 0x00, 0x00, 0x00, 0x00, 0x00, 0x00, 0x00,
    0x00, 0x00, 0x00, 0x00, 0x8f, 0xff, 0xff, 0x80, 0x00, 0x8f, 0xff, 0xff, 0x80, 0x00, 0x00, 0x00,
    0x00, 0x00, 0x00, 0x00, 0x00, 0x00, 0x00, 0x00, 0x08, 0xff, 0xff, 0xf8, 0x00, 0x08, 0xff, 0xff,
    0xf8, 0x00, 0x00, 0x00, 0x00, 0x00, 0x00, 0x00, 0x00, 0x00, 0x00, 0x00, 0x00, 0x8f, 0xff, 0xff,
    0x80, 0x00, 0x8f, 0xff, 0xff, 0x80, 0x00, 0x00, 0x00, 0x00, 0x00, 0x00, 0x00, 0x00, 0x00, 0x00,
    0x00, 0x08, 0xff, 0xff, 0xf8, 0x00, 0x08, 0xff, 0xff, 0xf8, 0x00, 0x00, 0x00, 0x00, 0x00, 0x00,
    0x00, 0x00, 0x00, 0x00, 0x00, 0x00, 0x8f, 0xff, 0xff, 0x80, 0x00, 0x8f, 0xff, 0xff, 0x80, 0x00,
    0x00, 0x00, 0x00, 0x00, 0x00, 0x00, 0x00, 0x00, 0x00, 0x00, 0x08, 0xff, 0xff, 0xf8, 0x00, 0x08,
    0xff, 0xff, 0xf8, 0x00, 0x00, 0x00, 0x00, 0x00, 0x00, 0x00, 0x00, 0x00, 0x00, 0x00, 0x00, 0x8f,
    0xff, 0xff, 0x80, 0x00, 0x8f, 0xff, 0xff, 0x80, 0x00, 0x00, 0x00, 0x00, 0x00, 0x00, 0x00, 0x00,
    0x00, 0x00, 0x00, 0x08, 0xff, 0xff, 0xf8, 0x00, 0x08, 0xff, 0xff, 0xf8, 0x00, 0x00, 0x00, 0x00,
    0x00, 0x00, 0x00, 0x00, 0x00, 0x00, 0x00, 0x08, 0xff, 0xff, 0xf8, 0x00, 0x08, 0xff, 0xff, 0xf8,
    0x00, 0x00, 0x00, 0x00, 0x00, 0x00, 0x00, 0x00, 0x00, 0x00, 0x00, 0x8f, 0xff, 0xff, 0x80, 0x00,
    0x8f, 0xff, 0xff, 0x80, 0x00, 0x00, 0x00, 0x00, 0x00, 0x00, 0x00, 0x00, 0x00, 0x00, 0x08, 0xff,
    0xff, 0xf8, 0x00, 0x08, 0xff, 0xff, 0xf8, 0x00, 0x00, 0x00, 0x00, 0x00, 0x00, 0x00, 0x00, 0x00,
    0x00, 0x00, 0x8f, 0xff, 0xff, 0x80, 0x00, 0x8f, 0xff, 0xff, 0x80, 0x00, 0x00, 0x00, 0x00, 0x00,
    0x00, 0x00, 0x00, 0x00, 0x00, 0x08, 0xff, 0xff, 0xf8, 0x00, 0x08, 0xff, 0xff, 0xf8, 0x00, 0x00,
    0x00, 0x00, 0x00, 0x00, 0x00, 0x00, 0x00, 0x00, 0x00, 0x8f, 0xff, 0xff, 0x80, 0x00, 0x8f, 0xff,
    0xff, 0x80, 0x00, 0x00, 0x00, 0x00, 0x00, 0x00, 0x00, 0x00, 0x00, 0x00, 0x08, 0xff, 0xff, 0xf8,
    0x00, 0x08, 0xff, 0xff, 0xf8, 0x00, 0x00, 0x00, 0x00, 0x00, 0x00, 0x00, 0x00, 0x00, 0x00, 0x00,
    0x8f, 0xff, 0xff, 0x80, 0x00, 0x8f, 0xff, 0xff, 0x80, 0x00, 0x00, 0x00, 0x00, 0x00, 0x00, 0x00,
    0x00, 0x00, 0x00, 0x00, 0x00, 0x00, 0x00, 0x00, 0x00, 0x00, 0x00, 0x00, 0x00, 0x00, 0x00, 0x00,
    0x00, 0x00, 0x00, 0x00, 0x00, 0x00, 0x00, 0x00, 0x00, 0x00, 0x00, 0x00, 0x00, 0x00, 0x00, 0x00,
    0x00, 0x00, 0x00, 0x00, 0x00, 0x00, 0x00, 0x00, 0x00, 0x00, 0x00, 0x00, 0x00, 0x00, 0x00, 0x00,
    0x00, 0x00, 0x00, 0x00, 0x00, 0x00, 0x00, 0x00, 0x00, 0x00, 0x00, 0x00, 0x00, 0x00, 0x00, 0x00,
    0x00, 0x00, 0x00, 0x00, 0x00, 0x00, 0x00, 0x00, 0x00, 0x00, 0x00, 0x00, 0x00, 0x00, 0x00, 0x00,
    0x00, 0x00, 0x00, 0x00, 0x00, 0x00, 0x00, 0x00, 0x00, 0x00, 0x00, 0x00, 0x00, 0x00, 0x00, 0x00,
    0x00, 0x00, 0x00, 0x00, 0x00, 0x00, 0x00, 0x00, 0x00, 0x00, 0x00, 0x00, 0x00, 0x00, 0x00, 0x00,
    0x00, 0x00, 0x00, 0x00, 0x00, 0x00, 0x00, 0x00, 0x00, 0x00, 0x00, 0x00, 0x00, 0x00, 0x00, 0x00,
    0x00, 0x00, 0x00, 0x00, 0x00, 0x00, 0x00, 0x00, 0x00, 0x00, 0x00, 0x00, 0x00, 0x00, 0x00, 0x00,
    0x00, 0x00, 0x00, 0x00, 0x00, 0x00, 0x00, 0x00, 0x00, 0x00, 0x00, 0x00, 0x00, 0x00, 0x00, 0x00,
    0x00, 0x00, 0x00, 0x00, 0x00, 0x00, 0x00, 0x00, 0x00, 0x00, 0x00, 0x00, 0x00, 0x00, 0x00, 0x00,
    0x00, 0x00, 0x00, 0x00, 0x00, 0x00, 0x00, 0x00, 0x00, 0x12, 0x00, 0x00, 0x00, 0x00, 0x00, 0x00,
    0x00, 0x00, 0x21, 0x00, 0x00, 0x00, 0x00, 0x00, 0x00, 0x00, 0x00, 0x00, 0x02, 0xcd, 0x20, 0x00,
    0x00, 0x00, 0x00, 0x00, 0x00, 0x02, 0xdc, 0x20, 0x00, 0x00, 0x00, 0x00, 0x00, 0x00, 0x00, 0x00,
    0x6e, 0xff, 0xd3, 0x00, 0x00, 0x00, 0x00, 0x00, 0x00, 0x3d, 0xff, 0xe6, 0x00, 0x00, 0x00, 0x00,
    0x00, 0x00, 0x00, 0x5c, 0xff, 0xff, 0xff, 0x70, 0x00, 0x00, 0x00, 0x00, 0x07, 0xff, 0xff, 0xff,
    0xc5, 0x00, 0x00, 0x00, 0x00, 0x03, 0x8d, 0xff, 0xff, 0xff, 0xff, 0xfd, 0x72, 0x00, 0x00, 0x27,
    0xdf, 0xff, 0xff, 0xff, 0xff, 0xd8, 0x30, 0x00, 0xbd, 0xff, 0xff, 0xff, 0xfe, 0x7b, 0xff, 0xff,
    0xff, 0xdb, 0xbd, 0xff, 0xff, 0xff, 0xb7, 0xef, 0xff, 0xff, 0xff, 0xdb, 0xff, 0xff, 0xff, 0xff,
    0x92, 0x00, 0x6e, 0xff, 0xff, 0xff, 0xff, 0xff, 0xff, 0xe6, 0x00, 0x29, 0xff, 0xff, 0xff, 0xff,
    0xff, 0xff, 0xfd, 0x71, 0x00, 0x00, 0x01, 0x7e, 0xff, 0xff, 0xff, 0xff, 0xe7, 0x10, 0x00, 0x00,
    0x17, 0xdf, 0xff, 0xff, 0xba, 0x86, 0x20, 0x00, 0x00, 0x00, 0x00, 0x00, 0x47, 0xab, 0xba, 0x74,
    0x00, 0x00, 0x00, 0x00, 0x00, 0x02, 0x68, 0xab, 0x00, 0x00, 0x00, 0x00, 0x00, 0x12, 0x00, 0x00,
    0x00, 0x00, 0x00, 0x00, 0x00, 0x00, 0x21, 0x00, 0x00, 0x00, 0x00, 0x00, 0x00, 0x00, 0x00, 0x00,
    0x02, 0xcd, 0x20, 0x00, 0x00, 0x00, 0x00, 0x00, 0x00, 0x02, 0xdc, 0x20, 0x00, 0x00, 0x00, 0x00,
    0x00, 0x00, 0x00, 0x00, 0x6e, 0xff, 0xd3, 0x00, 0x00, 0x00, 0x00, 0x00, 0x00, 0x3d, 0xff, 0xe6,
    0x00, 0x00, 0x00, 0x00, 0x00, 0x00, 0x00, 0x5c, 0xff, 0xff, 0xff, 0x70, 0x00, 0x00, 0x00, 0x00,
    0x07, 0xff, 0xff, 0xff, 0xc5, 0x00, 0x00, 0x00, 0x00, 0x03, 0x8d, 0xff, 0xff, 0xff, 0xff, 0xfd,
    0x72, 0x00, 0x00, 0x27, 0xdf, 0xff, 0xff, 0xff, 0xff, 0xd8, 0x30, 0x00, 0xbd, 0xff, 0xff, 0xff,
    0xfe, 0x7b, 0xff, 0xff, 0xff, 0xdb, 0xbd, 0xff, 0xff, 0xff, 0xb7, 0xef, 0xff, 0xff, 0xff, 0xdb,
    0xff, 0xff, 0xff, 0xff, 0x92, 0x00, 0x6e, 0xff, 0xff, 0xff, 0xff, 0xff, 0xff, 0xe6, 0x00, 0x29,
    0xff, 0xff, 0xff, 0xff, 0xff, 0xff, 0xfd, 0x71, 0x00, 0x00, 0x01, 0x7e, 0xff, 0xff, 0xff, 0xff,
    0xe7, 0x10, 0x00, 0x00, 0x17, 0xdf, 0xff, 0xff, 0xba, 0x86, 0x20, 0x00, 0x00, 0x00, 0x00, 0x00,
    0x47, 0xab, 0xba, 0x74, 0x00, 0x00, 0x00, 0x00, 0x00, 0x02, 0x68, 0xab, 0x00, 0x00, 0x00, 0x00,
    0x00, 0x00, 0x00, 0x00, 0x00, 0x00, 0x00, 0x00, 0x00, 0x00, 0x00, 0x00, 0x00, 0x00, 0x00, 0x00,
    0x00, 0x00, 0x00, 0x00, 0x00, 0x00, 0x00, 0x00, 0x00, 0x00, 0x00, 0x00, 0x00, 0x00, 0x00, 0x00,
    0x00, 0x00, 0x00, 0x00, 0x00, 0x00, 0x00, 0x00, 0x00, 0x00, 0x00, 0x00, 0x00, 0x08, 0x80, 0x00,
    0x00, 0x00, 0x00, 0x00, 0x00, 0x00, 0x00, 0x00, 0x00, 0x00, 0x00, 0x00, 0x00, 0x00, 0x00, 0x00,
    0x00, 0x8f, 0xf8, 0x00, 0x00, 0x00, 0x00, 0x00, 0x00, 0x00, 0x00, 0x00, 0x00, 0x00, 0x00, 0x00,
    0x00, 0x00, 0x00, 0x00, 0x08, 0xff, 0xff, 0x80, 0x00, 0x00, 0x00, 0x00, 0x00, 0x00, 0x00, 0x00,
    0x00, 0x00, 0x00, 0x00, 0x00, 0x00, 0x00, 0x00, 0x8f, 0xff, 0xff, 0xf8, 0x00, 0x00, 0x00, 0x00,
    0x00, 0x00, 0x00, 0x00, 0x00, 0x00, 0x00, 0x00, 0x00, 0x00, 0x00, 0x08, 0xff, 0xff, 0xff, 0xff,
    0x80, 0x00, 0x00, 0x00, 0x00, 0x00, 0x00, 0x00, 0x00, 0x00, 0x00, 0x00, 0x00, 0x00, 0x00, 0x8f,
    0xff, 0xff, 0xff, 0xff, 0xf8, 0x00, 0x00, 0x00, 0x00, 0x00, 0x00, 0x00, 0x00, 0x00, 0x00, 0x00,
    0x00, 0x00, 0x00, 0x00, 0x00, 0xff, 0xff, 0x00, 0x00, 0x00, 0x00, 0x00, 0x00, 0x00, 0x00, 0x00,
    0x00, 0x00, 0x00, 0x00, 0x00, 0x00, 0x00, 0x00, 0x00, 0xff, 0xff, 0x00, 0x00, 0x00, 0x00, 0x00,
    0x00, 0x00, 0x00, 0x00, 0x00, 0x00, 0x00, 0x00, 0x00, 0x00, 0x00, 0x00, 0x00, 0xff, 0xff, 0x00,
    0x00, 0x00, 0x00, 0x00, 0x00, 0x00, 0x00, 0x00, 0x00, 0x00, 0x00, 0x00, 0x00, 0x00, 0x00, 0x00,
    0x00, 0xff, 0xff, 0x00, 0x00, 0x00, 0x00, 0x00, 0x00, 0x00, 0x00, 0x00, 0x00, 0x00, 0x00, 0x00,
    0x00, 0x00, 0x00, 0x00, 0x00, 0xff, 0xff, 0x00, 0x00, 0x00, 0x00, 0x00, 0x00, 0x00, 0x00, 0x00,
    0x00, 0x00, 0x00, 0x00, 0x00, 0x00, 0x00, 0x00, 0x00, 0xff, 0xff, 0x00, 0x00, 0x00, 0x00, 0x00,
    0x00, 0x00, 0x00, 0x00, 0x00, 0x00, 0x00, 0x00, 0x00, 0x00, 0x00, 0x00, 0x00, 0xff, 0xff, 0x00,
    0x00, 0x00, 0x00, 0x00, 0x00, 0x00, 0x00, 0x00, 0x00, 0x00, 0x00, 0x00, 0x00, 0x00, 0x00, 0x00,
    0x00, 0xff, 0xff, 0x00, 0x00, 0x00, 0x00, 0x00, 0x00, 0x00, 0x00, 0x00, 0x00, 0x00, 0x00, 0x00,
    0x00, 0x00, 0x00, 0x00, 0x00, 0xff, 0xff, 0x00, 0x00, 0x00, 0x00, 0x00, 0x00, 0x00, 0x00, 0x00,
    0x00, 0x00, 0x00, 0x00, 0x00, 0x00, 0x00, 0x00, 0x00, 0xff, 0xff, 0x00, 0x00, 0x00, 0x00, 0x00,
    0x00, 0x00, 0x00, 0x00, 0x00, 0x00, 0x00, 0x00, 0x00, 0x00, 0x00, 0x00, 0x00, 0xff, 0xff, 0x00,
    0x00, 0x00, 0x00, 0x00, 0x00, 0x00, 0x00, 0x00, 0x00, 0x00, 0x00, 0x00, 0x00, 0x00, 0x00, 0x8f,
    0xff, 0xff, 0xff, 0xff, 0xf8, 0x00, 0x00, 0x00, 0x00, 0x00, 0x00, 0x00, 0x00, 0x00, 0x00, 0x00,
    0x00, 0x00, 0x00, 0x08, 0xff, 0xff, 0xff, 0xff, 0x80, 0x00, 0x00, 0x00, 0x00, 0x00, 0x00, 0x00,
    0x00, 0x00, 0x00, 0x00, 0x00, 0x00, 0x00, 0x00, 0x8f, 0xff, 0xff, 0xf8, 0x00, 0x00, 0x00, 0x00,
    0x00, 0x00, 0x00, 0x00, 0x00, 0x00, 0x00, 0x00, 0x00, 0x00, 0x00, 0x00, 0x08, 0xff, 0xff, 0x80,
    0x00, 0x00, 0x00, 0x00, 0x00, 0x00, 0x00, 0x00, 0x00, 0x00, 0x00, 0x00, 0x00, 0x00, 0x00, 0x00,
    0x00, 0x8f, 0xf8, 0x00, 0x00, 0x00, 0x00, 0x00, 0x00, 0x00, 0x00, 0x00, 0x00, 0x00, 0x00, 0x00,
    0x00, 0x00, 0x00, 0x00, 0x00, 0x08, 0x80, 0x00, 0x00, 0x00, 0x00, 0x00, 0x00, 0x00, 0x00, 0x00,
    0x00, 0x00, 0x00, 0x00, 0x00, 0x00, 0x00, 0x00, 0x00, 0x00, 0x00, 0x00, 0x00, 0x00, 0x00, 0x00,
    0x00, 0x00, 0x00, 0x00, 0x00, 0x00, 0x00, 0x00, 0x00, 0x00, 0x00, 0x00, 0x00, 0x00, 0x00, 0x00,
    0x00, 0x00, 0x00, 0x00, 0x00, 0x00, 0x00, 0x00, 0x00, 0x00, 0x00, 0x00, 0x00, 0x00, 0x00, 0x00,
    0x00, 0x00, 0x00, 0x00, 0x00, 0x00, 0x00, 0x00, 0x00, 0x00, 0x00, 0x00, 0x00, 0xff, 0xff, 0x00,
    0x00, 0xff, 0xff, 0x00, 0x00, 0xff, 0xff, 0x00, 0x00, 0xff, 0xff, 0x00, 0x00, 0xff, 0xff, 0x00,
    0x00, 0xff, 0xff, 0x00, 0x00, 0xff, 0xff, 0x00, 0x00, 0xff, 0xff, 0x00, 0x00, 0xff, 0xff, 0x00,
    0x00, 0xff, 0xff, 0x00, 0x00, 0xff, 0xff, 0x00, 0x00, 0xff, 0xff, 0x00, 0x00, 0xff, 0xff, 0x00,
    0x00, 0xff, 0xff, 0x00, 0x00, 0xff, 0xff, 0x00, 0x00, 0xff, 0xff, 0x00, 0x00, 0xff, 0xff, 0x00,
    0x00, 0xff, 0xff, 0x00, 0x00, 0xff, 0xff, 0x00, 0x00, 0xff, 0xff, 0x00, 0x00, 0x00, 0x00, 0x00,
    0x00, 0xff, 0xff, 0xff, 0xff, 0xff, 0xff, 0xff, 0xff, 0x00, 0x00, 0x00, 0x00, 0x00, 0x00, 0x00,
    0x00, 0x00, 0x00, 0x00, 0x00, 0xff, 0xff, 0xff, 0xff, 0xff, 0xff, 0xff, 0xff, 0x00, 0x00, 0x00,
    0x00, 0x00, 0x00, 0x00, 0x00, 0x00, 0x00, 0x00, 0x00, 0xff, 0xff, 0xff, 0xff, 0xff, 0xff, 0xff,
    0xff, 0x00, 0x00, 0x00, 0x00, 0x00, 0x00, 0x00, 0x00, 0x00, 0x00, 0x00, 0x00, 0x00, 0x00, 0x00,
    0xff, 0xff, 0x00, 0x00, 0x00, 0x00, 0x00, 0x00, 0x00, 0x00, 0x00, 0x00, 0x00, 0x00, 0x00, 0x00,
    0x00, 0x00, 0x00, 0x00, 0xff, 0xff, 0x00, 0x00, 0x00, 0x00, 0x00, 0x00, 0x00, 0x00, 0x00, 0x00,
    0x00, 0x00, 0x00, 0x00, 0x00, 0x00, 0x00, 0x00, 0xff, 0xff, 0x00, 0x00, 0x00, 0x00, 0x00, 0x00,
    0x00, 0x00, 0x00, 0x00, 0x00, 0x00, 0x00, 0x00, 0x00, 0x5f, 0xff, 0xff, 0xff, 0xff, 0xff, 0xff,
    0xff, 0xf2, 0x00, 0x00, 0x00, 0x00, 0x00, 0x00, 0x00, 0x00, 0x00, 0x00, 0x01, 0xef, 0xff, 0xff,
    0xff, 0xff, 0xff, 0xff, 0xff, 0xf8, 0x00, 0x00, 0x00, 0x00, 0x00, 0x00, 0x00, 0x00, 0x00, 0x00,
    0x0a, 0xff, 0xff, 0xff, 0xff, 0xff, 0xff, 0xff, 0xff, 0xfd, 0x00, 0x00, 0x00, 0x00, 0x00, 0x00,
    0xff, 0xf0, 0x00, 0x00, 0x5f, 0xff, 0x40, 0x00, 0x00, 0x00, 0x00, 0x00, 0x1e, 0xff, 0x20, 0x00,
    0x00, 0x00, 0x00, 0x00, 0xff, 0xf0, 0x00, 0x01, 0xef, 0xf9, 0x00, 0x00, 0x00, 0x00, 0x00, 0x00,
    0x0a, 0xff, 0x80, 0x00, 0x00, 0x00, 0xff, 0xe5, 0xff, 0xf0, 0x00, 0x0a, 0xff, 0xd1, 0x00, 0x00,
    0x00, 0x00, 0x00, 0x00, 0x05, 0xff, 0xd0, 0x00, 0x00, 0x00, 0xff, 0xfe, 0xff, 0xf0, 0x00, 0x5f,
    0xff, 0x40, 0x00, 0x00, 0x00, 0x00, 0x00, 0x00, 0x01, 0xef, 0xf2, 0x00, 0x00, 0x00, 0xff, 0xff,
    0xff, 0xf0, 0x01, 0xef, 0xf9, 0x00, 0x00, 0x00, 0x00, 0x00, 0x00, 0x00, 0x00, 0xaf, 0xf8, 0x00,
    0x00, 0x00, 0xff, 0xff, 0xff, 0xf0, 0x0a, 0xff, 0xd1, 0x00, 0x00, 0x00, 0x00, 0x00, 0x00, 0x00,
    0x00, 0x5f, 0xfd, 0x00, 0x00, 0x00, 0xff, 0xff, 0xff, 0xff, 0xff, 0xff, 0x40, 0x00, 0x00, 0x00,
    0x00, 0x00, 0x00, 0x00, 0x00, 0x1e, 0xff, 0xff, 0xff, 0xff, 0xff, 0xff, 0xff, 0xff, 0xff, 0xf9,
    0x00, 0x00, 0x00, 0x00, 0x00, 0x00, 0x00, 0x00, 0x00, 0x0a, 0xff, 0xff, 0xff, 0xff, 0xff, 0xff,
    0xff, 0xff, 0xff, 0xf9, 0x00, 0x00, 0x00, 0x00, 0x00, 0x00, 0x00, 0x00, 0x00, 0x05, 0xff, 0xff,
    0xff, 0xff, 0xff, 0xff, 0xff, 0xff, 0xff, 0xff, 0x20, 0x00, 0x00, 0x00, 0x00, 0x00, 0x00, 0x00,
    0x00, 0x00, 0x00, 0x00, 0x00, 0x00, 0xff, 0xff, 0xff, 0xf0, 0x0b, 0xff, 0xa0, 0x00, 0x00, 0x00,
    0x00, 0x00, 0x00, 0x00, 0x00, 0x00, 0x00, 0x00, 0x00, 0x00, 0xff, 0xff, 0xff, 0xf0, 0x03, 0xff,
    0xf4, 0x00, 0x00, 0x00, 0x00, 0x00, 0x00, 0x00, 0x00, 0x00, 0x00, 0x00, 0x00, 0x00, 0xff, 0xff,
    0xff, 0xf0, 0x00, 0xaf, 0xfc, 0x00, 0x00, 0x00, 0x00, 0x00, 0x00, 0x00, 0x00, 0x00, 0x00, 0x00,
    0x00, 0x00, 0xff, 0xff, 0xff, 0xf0, 0x00, 0x2f, 0xff, 0x50, 0x00, 0x00, 0x00, 0x00, 0x00, 0x00,
    0x00, 0x0f, 0xff, 0xff, 0xff, 0xff, 0xff, 0xff, 0xff, 0xf0, 0x00, 0x08, 0xff, 0xd0, 0x00, 0x00,
    0x00, 0x00, 0x00, 0x00, 0x00, 0x0f, 0xff, 0xff, 0xff, 0xff, 0xff, 0xff, 0xff, 0xf0, 0x00, 0x01,
    0xef, 0xf6, 0x00, 0x00, 0x00, 0x00, 0x00, 0x00, 0x00, 0x0f, 0xff, 0xff, 0xff, 0xff, 0xff, 0xff,
    0x00, 0x00, 0x00, 0x00, 0x7f, 0xfe, 0x10, 0x00, 0x00, 0x00, 0x00, 0x00, 0x00, 0x0f, 0xff, 0x00,
    0x00, 0x00, 0xff, 0xff, 0x00, 0x00, 0x00, 0x00, 0x0d, 0xff, 0x80, 0x00, 0x00, 0x00, 0x00, 0x00,
    0x00, 0x0f, 0xff, 0x00, 0x00, 0x00, 0xff, 0xff, 0x00, 0x00, 0x00, 0x00, 0x05, 0xff, 0xff, 0xff,
    0xff, 0xff, 0xff, 0xff, 0xff, 0xff, 0xff, 0x00, 0x00, 0x00, 0xff, 0xff, 0x00, 0x00, 0x00, 0x00,
    0x00, 0xcf, 0xff, 0xff, 0xff, 0xff, 0xff, 0xff, 0xff, 0xff, 0xff, 0x00, 0x00, 0x00, 0xff, 0xfe,
    0x00, 0x00, 0x00, 0x00, 0x00, 0x4f, 0xff, 0xff, 0xff, 0xff, 0xff, 0xff, 0xff, 0xff, 0xff, 0x00,
    0x00, 0x00, 0xff, 0xe5, 0x00, 0x00, 0x00, 0x00, 0x00, 0x00, 0x00, 0x00, 0x02, 0x9d, 0xfe, 0xb5,
    0x00, 0x00, 0x00, 0x00, 0x00, 0x00, 0x00, 0x00, 0x00, 0x00, 0x00, 0x00, 0x00, 0x00, 0x00, 0x00,
    0x04, 0xef, 0xff, 0xff, 0xfa, 0x00, 0x00, 0x00, 0x00, 0x00, 0x00, 0x00, 0x00, 0x00, 0x00, 0x00,
    0x00, 0x00, 0x00, 0x00, 0x03, 0xef, 0xff, 0xff, 0xff, 0xf9, 0x00, 0x00, 0x00, 0x00, 0x00, 0x00,
    0x00, 0x00, 0x00, 0x00, 0x00, 0x00, 0x00, 0x00, 0x00, 0xbf, 0xff, 0xff, 0xff, 0xff, 0xf3, 0x00,
    0x00, 0x00, 0x00, 0x00, 0x00, 0x00, 0x00, 0x00, 0x00, 0x00, 0x00, 0x00, 0x00, 0x1f, 0xff, 0xff,
    0xff, 0xff, 0xff, 0x80, 0x00, 0x00, 0x00, 0x00, 0x00, 0x00, 0x00, 0x00, 0x00, 0x00, 0x00, 0x00,
    0x00, 0x04, 0xff, 0xff, 0xff, 0xff, 0xff, 0xfa, 0x00, 0x00, 0x00, 0x00, 0x00, 0x00, 0x00, 0x0b,
    0xe5, 0x00, 0x00, 0x00, 0x00, 0x00, 0x4f, 0xff, 0xff, 0xff, 0xff, 0xff, 0xa0, 0x00, 0x00, 0x00,
    0x00, 0x01, 0xce, 0x43, 0xff, 0xc0, 0x00, 0x00, 0x00, 0x00, 0x01, 0xff, 0xff, 0xff, 0xff, 0xff,
    0xf8, 0x00, 0x00, 0x00, 0x00, 0x00, 0x5f, 0xfa, 0x2f, 0xfe, 0x00, 0x00, 0x00, 0x00, 0x00, 0x0b,
    0xff, 0xff, 0xff, 0xff, 0xff, 0x40, 0x00, 0x00, 0x00, 0x00, 0x07, 0xff, 0x80, 0xef, 0xf1, 0x00,
    0x00, 0x00, 0x00, 0x00, 0x3e, 0xff, 0xff, 0xff, 0xff, 0xfe, 0x20, 0x00, 0x00, 0x00, 0x00, 0xaf,
    0xf6, 0x0c, 0xff, 0x50, 0x00, 0x00, 0x00, 0x00, 0x00, 0x4e, 0xff, 0xff, 0xff, 0xff, 0xfe, 0x20,
    0x00, 0x00, 0x00, 0x0d, 0xff, 0x30, 0x8f, 0xfa, 0x00, 0x00, 0x00, 0x00, 0x00, 0x00, 0x29, 0xdf,
    0xeb, 0xaf, 0xff, 0xfe, 0x20, 0x00, 0x00, 0x03, 0xff, 0xe0, 0x03, 0xff, 0xe1, 0x00, 0x00, 0x00,
    0x00, 0x00, 0x00, 0x00, 0x00, 0x00, 0x9f, 0xff, 0xfd, 0x20, 0x00, 0x00, 0x9f, 0xf9, 0x00, 0x0c,
    0xff, 0x70, 0x00, 0x00, 0x00, 0x00, 0x00, 0x00, 0x00, 0x00, 0x00, 0x9f, 0xff, 0xfd, 0x20, 0x00,
    0x0e, 0xff, 0x40, 0x00, 0x6f, 0xfe, 0x10, 0x00, 0x00, 0x00, 0x00, 0x00, 0x00, 0x00, 0x00, 0x00,
    0x9f, 0xff, 0xfd, 0x20, 0x00, 0xaf, 0xb0, 0x00, 0x00, 0xdf, 0xfa, 0x00, 0x00, 0x00, 0x00, 0x00,
    0x00, 0x00, 0x00, 0x00, 0x00, 0x9f, 0xff, 0xfd, 0x20, 0x00, 0x20, 0x00, 0x00, 0x04, 0xff, 0xf5,
    0x00, 0x00, 0x00, 0x00, 0x00, 0x00, 0x00, 0x00, 0x00, 0x00, 0x9f, 0xff, 0xfd, 0x20, 0x00, 0x00,
    0x00, 0x00, 0x0a, 0xff, 0xf4, 0x00, 0x00, 0x00, 0x00, 0x00, 0x00, 0x00, 0x00, 0x00, 0x00, 0x9f,
    0xff, 0xfd, 0x10, 0x00, 0x00, 0x00, 0x00, 0x1d, 0xff, 0xe4, 0x00, 0x00, 0x00, 0x00, 0x00, 0x00,
    0x00, 0x00, 0x00, 0x00, 0x9f, 0xff, 0xf5, 0x00, 0x00, 0x00, 0x00, 0x00, 0x2e, 0xff, 0xf6, 0x00,
    0x00, 0x00, 0x00, 0x00, 0x00, 0x00, 0x00, 0x00, 0x00, 0x9f, 0xff, 0x20, 0x00, 0x00, 0x00, 0x00,
    0x00, 0x2d, 0xff, 0xfb, 0x20, 0x00, 0x00, 0x00, 0x00, 0x00, 0x00, 0x00, 0x00, 0x00, 0x69, 0x40,
    0x00, 0x00, 0x00, 0x00, 0x00, 0x00, 0x2c, 0xff, 0xff, 0x93, 0x00, 0x00, 0x00, 0x00, 0x00, 0x01,
    0x69, 0x20, 0x00, 0x00, 0x00, 0x00, 0x00, 0x00, 0x00, 0x00, 0x00, 0x08, 0xff, 0xff, 0xfc, 0x85,
    0x21, 0x00, 0x14, 0x6a, 0xef, 0xfb, 0x00, 0x00, 0x00, 0x00, 0x00, 0x00, 0x00, 0x00, 0x00, 0x00,
    0x03, 0xbf, 0xff, 0xff, 0xff, 0xff, 0xff, 0xff, 0xff, 0xff, 0x90, 0x00, 0x00, 0x00, 0x00, 0x00,
    0x00, 0x00, 0x00, 0x00, 0x00, 0x00, 0x3a, 0xef, 0xff, 0xff, 0xff, 0xff, 0xff, 0xfc, 0x60, 0x00,
    0x00, 0x00, 0x00, 0x00, 0x00, 0x00, 0x00, 0x00, 0x00, 0x00, 0x00, 0x01, 0x48, 0xbd, 0xef, 0xfe,
    0xc9, 0x62, 0x00, 0x00, 0x00, 0x00, 0x00, 0x00, 0x00, 0x00, 0x00, 0x00, 0x00, 0x00, 0x00, 0x0b,
    0xb0, 0x00, 0x00, 0x00, 0x00, 0x00, 0x00, 0x00, 0x00, 0x00, 0x00, 0x00, 0x00, 0x3f, 0xf3, 0x00,
    0x00, 0x00, 0x00, 0x00, 0x00, 0x00, 0x00, 0x00, 0x00, 0x00, 0x00, 0x9f, 0xf9, 0x00, 0x00, 0x00,
    0x00, 0x00, 0x00, 0x00, 0x00, 0x00, 0x00, 0x00, 0x00, 0xef, 0xfe, 0x00, 0x00, 0x00, 0x00, 0x00,
    0x00, 0x00, 0x00, 0x00, 0x00, 0x00, 0x04, 0xff, 0xff, 0x40, 0x00, 0x00, 0x00, 0x00, 0x00, 0x00,
    0x00, 0x00, 0x00, 0x00, 0x09, 0xff, 0xff, 0x90, 0x00, 0x00, 0x00, 0x00, 0x00, 0x00, 0x00, 0x00,
    0x00, 0x00, 0x0e, 0xff, 0xff, 0xe0, 0x00, 0x00, 0x00, 0x00, 0x00, 0x00, 0x00, 0x00, 0x00, 0x00,
    0x5f, 0xff, 0xff, 0xf5, 0x00, 0x00, 0x00, 0x00, 0x00, 0x00, 0x00, 0x00, 0x00, 0x00, 0xaf, 0xff,
    0xff, 0xfa, 0x00, 0x00, 0x00, 0x00, 0x00, 0x00, 0x00, 0x00, 0x00, 0x01, 0xef, 0xff, 0xff, 0xfe,
    0x10, 0x00, 0x00, 0x00, 0x00, 0x00, 0x00, 0x00, 0x00, 0x06, 0xff, 0xfd, 0xdf, 0xff, 0x60, 0x00,
    0x00, 0x00, 0x00, 0x00, 0x00, 0x00, 0x00, 0x0b, 0xff, 0xf8, 0x8f, 0xff, 0xb0, 0x00, 0x00, 0x00,
    0x00, 0x00, 0x00, 0x00, 0x00, 0x1f, 0xff, 0xf2, 0x2f, 0xff, 0xf1, 0x00, 0x00, 0x00, 0x00, 0x00,
    0x00, 0x00, 0x00, 0x6f, 0xff, 0xc0, 0x0c, 0xff, 0xf6, 0x00, 0x00, 0x00, 0x00, 0x00, 0x00, 0x00,
    0x00, 0xcf, 0xff, 0x70, 0x07, 0xff, 0xfc, 0x00, 0x00, 0x00, 0x00, 0x00, 0x00, 0x00, 0x02, 0xff,
    0xff, 0x20, 0x02, 0xff, 0xff, 0x20, 0x00, 0x00, 0x00, 0x00, 0x00, 0x00, 0x07, 0xff, 0xfb, 0x00,
    0x00, 0xbf, 0xff, 0x70, 0x00, 0x00, 0x00, 0x00, 0x00, 0x00, 0x0c, 0xff, 0xf6, 0x00, 0x00, 0x6f,
    0xff, 0xc0, 0x00, 0x00, 0x00, 0x00, 0x00, 0x00, 0x3f, 0xff, 0xf1, 0x00, 0x00, 0x1f, 0xff, 0xf3,
    0x00, 0x00, 0x00, 0x00, 0x00, 0x00, 0x8f, 0xff, 0xb0, 0x00, 0x00, 0x0b, 0xff, 0xf8, 0x00, 0x00,
    0x00, 0x00, 0x00, 0x00, 0xdf, 0xff, 0x50, 0x00, 0x00, 0x05, 0xff, 0xfd, 0x00, 0x00, 0x00, 0x00,
    0x00, 0x03, 0xff, 0xfe, 0x10, 0x00, 0x00, 0x01, 0xef, 0xff, 0x30, 0x00, 0x00, 0x00, 0x00, 0x09,
    0xff, 0xfa, 0x00, 0x00, 0x00, 0x00, 0xaf, 0xff, 0x90, 0x00, 0x00, 0x00, 0x00, 0x0e, 0xff, 0xf5,
    0x00, 0x00, 0x00, 0x00, 0x5f, 0xff, 0xe0, 0x00, 0x00, 0x00, 0x00, 0x4f, 0xff, 0xe0, 0x00, 0x00,
    0x00, 0x00, 0x0e, 0xff, 0xf4, 0x00, 0x00, 0x00, 0x00, 0x9f, 0xff, 0x90, 0x00, 0x00, 0x00, 0x00,
    0x09, 0xff, 0xf9, 0x00, 0x00, 0x00, 0x00, 0xef, 0xff, 0x40, 0x00, 0x00, 0x00, 0x00, 0x04, 0xff,
    0xfe, 0x00, 0x00, 0x00, 0x05, 0xff, 0xfe, 0x00, 0x00, 0x00, 0x00, 0x00, 0x00, 0xef, 0xff, 0x50,
    0x00, 0x00, 0x0a, 0xff, 0xf8, 0x00, 0x00, 0x00, 0x00, 0x00, 0x00, 0x8f, 0xff, 0xa0, 0x00, 0x00,
    0x1f, 0xff, 0xf3, 0x00, 0x00, 0x00, 0x00, 0x00, 0x00, 0x3f, 0xff, 0xf1, 0x00, 0x00, 0x6f, 0xff,
    0xd0, 0x00, 0x00, 0x00, 0x00, 0x00, 0x00, 0x0d, 0xff, 0xf6, 0x00, 0x00, 0xbf, 0xff, 0x80, 0x00,
    0x00, 0x00, 0x00, 0x00, 0x00, 0x08, 0xff, 0xfb, 0x00, 0x01, 0xff, 0xff, 0x20, 0x00, 0x00, 0x00,
    0x00, 0x00, 0x00, 0x02, 0xff, 0xff, 0x10, 0x06, 0xff, 0xfc, 0x00, 0x00, 0x00, 0x00, 0x00, 0x00,
    0x00, 0x00, 0xcf, 0xff, 0x60, 0x0c, 0xff, 0xff, 0xff, 0xff, 0xff, 0xff, 0xff, 0xff, 0xff, 0xff,
    0xff, 0xff, 0xc0, 0x2f, 0xff, 0xff, 0xff, 0xff, 0xff, 0xff, 0xff, 0xff, 0xff, 0xff, 0xff, 0xff,
    0xf2, 0x7f, 0xff, 0xff, 0xff, 0xff, 0xff, 0xff, 0xff, 0xff, 0xff, 0xff, 0xff, 0xff, 0xf7, 0x6f,
    0xff, 0xff, 0xff, 0xff, 0xff, 0xff, 0xff, 0xff, 0xff, 0xff, 0xff, 0xff, 0xf6, 0x00, 0x00, 0x00,
    0x00, 0x00, 0x00, 0x00, 0x00, 0x00, 0x00, 0x00, 0x00, 0x00, 0x00, 0x00, 0x00, 0x00, 0x00, 0x4a,
    0x00, 0x00, 0x00, 0x00, 0x00, 0x00, 0x00, 0x00, 0x00, 0x00, 0x00, 0x00, 0x00, 0x00, 0x00, 0x00,
    0x00, 0x00, 0x03, 0xef, 0xa0, 0x00, 0x00, 0x00, 0x00, 0x00, 0x00, 0x00, 0x00, 0x00, 0x00, 0x00,
    0x00, 0x00, 0x00, 0x00, 0x00, 0x00, 0x2e, 0xff, 0xfa, 0x00, 0x00, 0x00, 0x00, 0x00, 0x00, 0x00,
    0x00, 0x00, 0x00, 0x00, 0x00, 0x00, 0x00, 0x00, 0x00, 0x01, 0xdf, 0xff, 0xf6, 0x00, 0x00, 0x00,
    0x00, 0x00, 0x00, 0x00, 0x00, 0x00, 0x00, 0x00, 0x00, 0x00, 0x00, 0x00, 0x00, 0x1c, 0xff, 0xff,
    0x80, 0x00, 0x00, 0x00, 0x00, 0x00, 0x00, 0x00, 0x00, 0x00, 0x00, 0x00, 0x00, 0x00, 0x00, 0x00,
    0x00, 0xaf, 0xff, 0xf9, 0x00, 0x00, 0x00, 0x00, 0x00, 0x00, 0x00, 0x00, 0x00, 0x00, 0x00, 0x00,
    0x00, 0x00, 0x00, 0x00, 0x09, 0xff, 0xff, 0xb0, 0x00, 0x00, 0x00, 0x00, 0x00, 0x00, 0x00, 0x00,
    0x00, 0x00, 0x00, 0x00, 0x00, 0x00, 0x00, 0x00, 0x7f, 0xff, 0xfc, 0x10, 0x00, 0x00, 0x00, 0x00,
    0x00, 0x00, 0x00, 0x00, 0x88, 0x00, 0x00, 0x00, 0x00, 0x00, 0x00, 0x06, 0xff, 0xff, 0xd1, 0x00,
    0x00, 0x00, 0x00, 0x00, 0x00, 0x00, 0x00, 0x08, 0xff, 0x80, 0x00, 0x00, 0x00, 0x00, 0x00, 0x4f,
    0xff, 0xfe, 0x20, 0x00, 0x00, 0x00, 0x00, 0x00, 0x00, 0x00, 0x00, 0x8f, 0xff, 0xf8, 0x00, 0x00,
    0x00, 0x00, 0x03, 0xef, 0xff, 0xe3, 0x00, 0x00, 0x00, 0x00, 0x00, 0x00, 0x00, 0x00, 0x08, 0xff,
    0xff, 0xff, 0x80, 0x00, 0x00, 0x00, 0x2e, 0xff, 0xff, 0x40, 0x00, 0x00, 0x00, 0x00, 0x00, 0x00,
    0x00, 0x00, 0x8f, 0xff, 0xff, 0xff, 0xf8, 0x00, 0x00, 0x01, 0xdf, 0xff, 0xf6, 0x00, 0x00, 0x00,
    0x00, 0x00, 0x00, 0x00, 0x00, 0x08, 0xff, 0xff, 0xff, 0xff, 0xff, 0x80, 0x00, 0x1c, 0xff, 0xff,
    0x80, 0x00, 0x00, 0x00, 0x00, 0x00, 0x00, 0x00, 0x00, 0x8f, 0xff, 0xff, 0x77, 0xff, 0xff, 0xf8,
    0x00, 0xbf, 0xff, 0xf9, 0x00, 0x00, 0x00, 0x00, 0x00, 0x00, 0x00, 0x00, 0x08, 0xff, 0xff, 0xf7,
    0x00, 0x7f, 0xff, 0xff, 0x89, 0xff, 0xff, 0xb0, 0x00, 0x00, 0x00, 0x00, 0x00, 0x00, 0x00, 0x00,
    0x8f, 0xff, 0xff, 0x70, 0x00, 0x07, 0xff, 0xff, 0xff, 0xff, 0xfc, 0x10, 0x00, 0x00, 0x00, 0x00,
    0x00, 0x00, 0x00, 0x08, 0xff, 0xff, 0xf7, 0x00, 0x00, 0x00, 0x7f, 0xff, 0xff, 0xff, 0xd1, 0x00,
    0x00, 0x00, 0x00, 0x00, 0x00, 0x00, 0x00, 0x8f, 0xff, 0xff, 0x70, 0x00, 0x00, 0x00, 0x07, 0xff,
    0xff, 0xfe, 0x20, 0x00, 0x00, 0x00, 0x00, 0x00, 0x00, 0x00, 0x08, 0xff, 0xff, 0xf7, 0x00, 0x00,
    0x00, 0x00, 0x00, 0x7f, 0xff, 0xe3, 0x00, 0x00, 0x00, 0x00, 0x00, 0x00, 0x00, 0x00, 0x8f, 0xff,
    0xff, 0x70, 0x00, 0x00, 0x00, 0x00, 0x00, 0x07, 0xff, 0x40, 0x00, 0x00, 0x00, 0x00, 0x00, 0x00,
    0x00, 0x08, 0xff, 0xff, 0xf7, 0x00, 0x00, 0x00, 0x00, 0x00, 0x00, 0x00, 0x76, 0x00, 0x00, 0x00,
    0x00, 0x00, 0x00, 0x00, 0x00, 0x8f, 0xff, 0xff, 0x70, 0x00, 0x00, 0x00, 0x00, 0x00, 0x00, 0x00,
    0x00, 0x00, 0x00, 0x00, 0x00, 0x00, 0x00, 0x00, 0x00, 0x7f, 0xff, 0xf7, 0x00, 0x00, 0x00, 0x00,
    0x00, 0x00, 0x00, 0x00, 0x00, 0x00, 0x00, 0x00, 0x00, 0x00, 0x00, 0x00, 0x00, 0x07, 0xff, 0x70,
    0x00, 0x00, 0x00, 0x00, 0x00, 0x00, 0x00, 0x00, 0x00, 0x00, 0x00, 0x00, 0x00, 0x00, 0x00, 0x00,
    0x00, 0x00, 0x77, 0x00, 0x00, 0x00, 0x00, 0x00, 0x00, 0x00, 0x00, 0x00, 0x00, 0x00, 0x00, 0x00,
    0x00, 0x00, 0x00, 0x00, 0x00, 0x00, 0x00, 0x00, 0x00, 0x00, 0x00, 0x00, 0x00, 0x00, 0x00, 0x00,
    0x00, 0x00, 0x00, 0x00, 0x00, 0x00, 0x00, 0x00, 0x00, 0x00, 0x00, 0x00, 0x00, 0x00, 0x00, 0x00,
    0x00, 0x00, 0x00, 0x00, 0x00, 0x00, 0x00, 0x00, 0x00, 0x00, 0x00, 0x00, 0x00, 0x00, 0x00, 0x00,
    0x00, 0x00, 0x00, 0x00, 0x00, 0x00, 0x00, 0x00, 0x00, 0x00, 0x00, 0x00, 0x00, 0x00, 0x00, 0x00,
    0x00, 0x00, 0x00, 0x00, 0x00, 0x00, 0x00, 0x00, 0x00, 0x00, 0x00, 0x00, 0x00, 0x00, 0x00, 0x00,
    0x00, 0x00, 0x00, 0x00, 0x00, 0x00, 0x00, 0x00, 0x00, 0x00, 0x00, 0x00, 0x00, 0x00, 0x00, 0x00,
    0x00, 0x00, 0x00, 0x00, 0x00, 0x00, 0x00, 0x00, 0x00, 0x00, 0x00, 0x00, 0x00, 0x00, 0x00, 0x00,
    0x00, 0x00, 0x00, 0x00, 0x00, 0x00, 0x00, 0x00, 0x00, 0x00, 0x00, 0x00, 0x00, 0xff, 0xff, 0xff,
    0xff, 0xff, 0xff, 0xff, 0xff, 0xff, 0xff, 0xff, 0xff, 0xff, 0xff, 0xff, 0xff, 0xff, 0xff, 0xff,
    0xff, 0xff, 0xff, 0xff, 0xff, 0xff, 0xff, 0xff, 0xff, 0xff, 0xff, 0xff, 0xff, 0xff, 0xff, 0xff,
    0xff, 0xff, 0xff, 0xff, 0xff, 0xff, 0xff, 0xff, 0xff, 0xff, 0xff, 0xff, 0xff, 0xff, 0xff, 0xff,
    0xff, 0xff, 0xff, 0xff, 0xff, 0xff, 0xff, 0xff, 0xff, 0xff, 0xff, 0xff, 0xff, 0xff, 0xff, 0xff,
    0xff, 0xff, 0xff, 0xff, 0xff, 0xff, 0xff, 0xff, 0xff, 0xff, 0xff, 0xff, 0xff, 0x00, 0x00, 0x00,
    0x00, 0x00, 0x04, 0x63, 0x00, 0x00, 0x00, 0x00, 0x00, 0x00, 0x00, 0x00, 0x36, 0x40, 0x00, 0x00,
    0x00, 0x00, 0x00, 0x00, 0x00, 0x00, 0x00, 0x00, 0xaf, 0xff, 0x60, 0x00, 0x00, 0x00, 0x00, 0x00,
    0x00, 0x06, 0xff, 0xfa, 0x00, 0x00, 0x00, 0x00, 0x00, 0x00, 0x00, 0x00, 0x00, 0x03, 0xff, 0xff,
    0xe1, 0x00, 0x00, 0x00, 0x00, 0x00, 0x00, 0x1e, 0xff, 0xff, 0x30, 0x00, 0x00, 0x00, 0x00, 0x00,
    0x00, 0x00, 0x00, 0x05, 0xff, 0xff, 0xf8, 0x00, 0x00, 0x00, 0x00, 0x00, 0x00, 0x8f, 0xff, 0xff,
    0x50, 0x00, 0x00, 0x00, 0x00, 0x00, 0x00, 0x00, 0x00, 0x02, 0xff, 0xff, 0xfe, 0x25, 0x9c, 0xef,
    0xfe, 0xc9, 0x52, 0xef, 0xff, 0xff, 0x20, 0x00, 0x00, 0x00, 0x00, 0x00, 0x00, 0x00, 0x00, 0x00,
    0x7f, 0xff, 0xff, 0xff, 0xff, 0xff, 0xff, 0xff, 0xff, 0xff, 0xff, 0xf7, 0x00, 0x00, 0x00, 0x00,
    0x00, 0x00, 0x00, 0x00, 0x00, 0x00, 0x0c, 0xff, 0xff, 0xff, 0xff, 0xff, 0xff, 0xff, 0xff, 0xff,
    0xff, 0xc0, 0x00, 0x00, 0x00, 0x00, 0x00, 0x00, 0x00, 0x00, 0x00, 0x00, 0x04, 0xff, 0xff, 0xff,
    0xff, 0xff, 0xff, 0xff, 0xff, 0xff, 0xff, 0x40, 0x00, 0x00, 0x00, 0x00, 0x00, 0x00, 0x00, 0x00,
    0x00, 0x00, 0x3e, 0xff, 0xff, 0xfd, 0x84, 0x10, 0x01, 0x48, 0xdf, 0xff, 0xff, 0xe3, 0x00, 0x00,
    0x00, 0x00, 0x00, 0x00, 0x00, 0x00, 0x00, 0x02, 0xef, 0xff, 0xfd, 0x50, 0x00, 0x00, 0x00, 0x00,
    0x05, 0xdf, 0xff, 0xfe, 0x20, 0x00, 0x00, 0x00, 0x00, 0x00, 0x00, 0x00, 0x00, 0x1c, 0xff, 0xff,
    0xa1, 0x00, 0x00, 0x33, 0x33, 0x10, 0x00, 0x1a, 0xff, 0xff, 0xc1, 0x00, 0x00, 0x00, 0x00, 0x00,
    0x00, 0x00, 0x00, 0x8f, 0xff, 0xf8, 0x00, 0x00, 0x02, 0xff, 0xff, 0x80, 0x00, 0x00, 0x8f, 0xff,
    0xf8, 0x00, 0x00, 0x00, 0x00, 0x00, 0x00, 0x00, 0x02, 0xff, 0xff, 0xa0, 0x00, 0x00, 0x07, 0xff,
    0xff, 0xd0, 0x00, 0x00, 0x0a, 0xff, 0xff, 0x20, 0x00, 0x00, 0x00, 0x00, 0x00, 0x00, 0x09, 0xff,
    0xfd, 0x10, 0x00, 0x00, 0x0d, 0xff, 0xef, 0xf4, 0x00, 0x00, 0x01, 0xdf, 0xff, 0x90, 0x00, 0x00,
    0x00, 0x00, 0x00, 0x00, 0x1e, 0xff, 0xf5, 0x00, 0x00, 0x00, 0x3f, 0xfe, 0x7f, 0xf9, 0x00, 0x00,
    0x00, 0x5f, 0xff, 0xe1, 0x00, 0x00, 0x00, 0x00, 0x00, 0x00, 0x5f, 0xff, 0xd0, 0x00, 0x00, 0x00,
    0x8f, 0xf9, 0x3f, 0xfe, 0x00, 0x00, 0x00, 0x0d, 0xff, 0xf5, 0x00, 0x00, 0x00, 0x00, 0x00, 0x00,
    0x9f, 0xff, 0x80, 0x00, 0x00, 0x00, 0xdf, 0xf5, 0x0d, 0xff, 0x50, 0x00, 0x00, 0x08, 0xff, 0xf9,
    0x00, 0x00, 0x00, 0x06, 0xbb, 0x98, 0xdf, 0xff, 0x40, 0x00, 0x00, 0x04, 0xff, 0xf1, 0x09, 0xff,
    0xa0, 0x00, 0x00, 0x04, 0xff, 0xfd, 0x89, 0xbb, 0x60, 0x8f, 0xff, 0xff, 0xff, 0xff, 0x10, 0x00,
    0x00, 0x09, 0xff, 0xb0, 0x04, 0xff, 0xf1, 0x00, 0x00, 0x01, 0xff, 0xff, 0xff, 0xff, 0xf8, 0xef,
    0xff, 0xff, 0xff, 0xff, 0x00, 0x00, 0x00, 0x0e, 0xff, 0x60, 0x00, 0xef, 0xf6, 0x00, 0x00, 0x00,
    0xff, 0xff, 0xff, 0xff, 0xfe, 0xef, 0xff, 0xff, 0xff, 0xff, 0x00, 0x00, 0x00, 0x5f, 0xff, 0x32,
    0x22, 0xaf, 0xfb, 0x00, 0x00, 0x00, 0xff, 0xff, 0xff, 0xff, 0xfe, 0x8f, 0xff, 0xff, 0xff, 0xff,
    0x10, 0x00, 0x00, 0xaf, 0xff, 0xff, 0xff, 0xff, 0xff, 0x20, 0x00, 0x01, 0xff, 0xff, 0xff, 0xff,
    0xf8, 0x06, 0xbb, 0x98, 0xdf, 0xff, 0x40, 0x00, 0x01, 0xff, 0xff, 0xff, 0xff, 0xff, 0xff, 0x70,
    0x00, 0x04, 0xff, 0xfd, 0x89, 0xbb, 0x60, 0x00, 0x00, 0x00, 0x9f, 0xff, 0x80, 0x00, 0x06, 0xff,
    0xfb, 0xbb, 0xbb, 0xbe, 0xff, 0xc0, 0x00, 0x08, 0xff, 0xf9, 0x00, 0x00, 0x00, 0x00, 0x00, 0x00,
    0x5f, 0xff, 0xd0, 0x00, 0x0b, 0xff, 0xc0, 0x00, 0x00, 0x06, 0xff, 0xf3, 0x00, 0x0d, 0xff, 0xf5,
    0x00, 0x00, 0x00, 0x00, 0x00, 0x00, 0x1e, 0xff, 0xf5, 0x00, 0x2f, 0xff, 0x80, 0x00, 0x00, 0x02,
    0xff, 0xf8, 0x00, 0x5f, 0xff, 0xe1, 0x00, 0x00, 0x00, 0x00, 0x00, 0x00, 0x09, 0xff, 0xfd, 0x10,
    0x7f, 0xff, 0x30, 0x00, 0x00, 0x00, 0xcf, 0xfd, 0x01, 0xdf, 0xff, 0x90, 0x00, 0x00, 0x00, 0x00,
    0x00, 0x00, 0x02, 0xff, 0xff, 0xa0, 0xcf, 0xfd, 0x00, 0x00, 0x00, 0x00, 0x7f, 0xff, 0x4a, 0xff,
    0xff, 0x20, 0x00, 0x00, 0x00, 0x00, 0x00, 0x00, 0x00, 0x8f, 0xff, 0xf8, 0x00, 0x00, 0x00, 0x00,
    0x00, 0x00, 0x00, 0x00, 0x8f, 0xff, 0xf8, 0x00, 0x00, 0x00, 0x00, 0x00, 0x00, 0x00, 0x00, 0x1c,
    0xff, 0xff, 0xa1, 0x00, 0x00, 0x00, 0x00, 0x00, 0x00, 0x1a, 0xff, 0xff, 0xc1, 0x00, 0x00, 0x00,
    0x00, 0x00, 0x00, 0x00, 0x00, 0x02, 0xef, 0xff, 0xfd, 0x50, 0x00, 0x00, 0x00, 0x00, 0x05, 0xdf,
    0xff, 0xfe, 0x20, 0x00, 0x00, 0x00, 0x00, 0x00, 0x00, 0x00, 0x00, 0x00, 0x3e, 0xff, 0xff, 0xfd,
    0x84, 0x10, 0x01, 0x48, 0xdf, 0xff, 0xff, 0xe3, 0x00, 0x00, 0x00, 0x00, 0x00, 0x00, 0x00, 0x00,
    0x00, 0x00, 0x04, 0xff, 0xff, 0xff, 0xff, 0xff, 0xff, 0xff, 0xff, 0xff, 0xff, 0x40, 0x00, 0x00,
    0x00, 0x00, 0x00, 0x00, 0x00, 0x00, 0x00, 0x00, 0x0c, 0xff, 0xff, 0xff, 0xff, 0xff, 0xff, 0xff,
    0xff, 0xff, 0xff, 0xc0, 0x00, 0x00, 0x00, 0x00, 0x00, 0x00, 0x00, 0x00, 0x00, 0x00, 0x7f, 0xff,
    0xff, 0xff, 0xff, 0xff, 0xff, 0xff, 0xff, 0xff, 0xff, 0xf7, 0x00, 0x00, 0x00, 0x00, 0x00, 0x00,
    0x00, 0x00, 0x00, 0x02, 0xff, 0xff, 0xfe, 0x25, 0x9c, 0xef, 0xfe, 0xc9, 0x52, 0xef, 0xff, 0xff,
    0x20, 0x00, 0x00, 0x00, 0x00, 0x00, 0x00, 0x00, 0x00, 0x05, 0xff, 0xff, 0xf8, 0x00, 0x00, 0x00,
    0x00, 0x00, 0x00, 0x8f, 0xff, 0xff, 0x50, 0x00, 0x00, 0x00, 0x00, 0x00, 0x00, 0x00, 0x00, 0x03,
    0xff, 0xff, 0xe1, 0x00, 0x00, 0x00, 0x00, 0x00, 0x00, 0x1e, 0xff, 0xff, 0x30, 0x00, 0x00, 0x00,
    0x00, 0x00, 0x00, 0x00, 0x00, 0x00, 0xaf, 0xff, 0x60, 0x00, 0x00, 0x00, 0x00, 0x00, 0x00, 0x06,
    0xff, 0xfa, 0x00, 0x00, 0x00, 0x00, 0x00, 0x00, 0x00, 0x00, 0x00, 0x00, 0x04, 0x63, 0x00, 0x00,
    0x00, 0x00, 0x00, 0x00, 0x00, 0x00, 0x36, 0x40, 0x00, 0x00, 0x00, 0x00, 0x00, 0x00, 0x00, 0x00,
    0x00, 0x00, 0x00, 0x00, 0x00, 0x00, 0x00, 0x01, 0x10, 0x00, 0x00, 0x00, 0x00, 0x00, 0x00, 0x00,
    0x00, 0x00, 0x00, 0x00, 0x00, 0x00, 0x00, 0x00, 0x00, 0x00, 0x00, 0x6f, 0xf7, 0x00, 0x00, 0xc5,
    0x00, 0x00, 0x00, 0x00, 0x00, 0x00, 0x00, 0x00, 0x00, 0x00, 0x00, 0x00, 0x00, 0x00, 0x07, 0xff,
    0xfd, 0x00, 0x00, 0xff, 0xd4, 0x00, 0x00, 0x00, 0x00, 0x00, 0x00, 0x00, 0x00, 0x00, 0x00, 0x00,
    0x00, 0x00, 0x7f, 0xff, 0xff, 0x00, 0x00, 0xff, 0xff, 0x91, 0x00, 0x00, 0x00, 0x00, 0x00, 0x00,
    0x00, 0x00, 0x00, 0x00, 0x00, 0x08, 0xff, 0xff, 0xff, 0x00, 0x00, 0xff, 0xff, 0xfc, 0x10, 0x00,
    0x00, 0x00, 0x00, 0x00, 0x00, 0x00, 0x00, 0x00, 0x00, 0x8f, 0xff, 0xff, 0xff, 0x00, 0x00, 0x9f,
    0xff, 0xff, 0xd1, 0x00, 0x00, 0x00, 0x00, 0x00, 0x00, 0x00, 0x00, 0x00, 0x08, 0xff, 0xff, 0xff,
    0xff, 0x00, 0x00, 0x03, 0xdf, 0xff, 0xfc, 0x10, 0x00, 0x00, 0x00, 0x00, 0x00, 0x00, 0x00, 0x00,
    0x8f, 0xff, 0xfe, 0xff, 0xff, 0x00, 0x00, 0x00, 0x1b, 0xff, 0xff, 0x90, 0x00, 0x00, 0x00, 0x00,
    0x00, 0x00, 0x00, 0x08, 0xff, 0xff, 0xe3, 0xff, 0xff, 0x00, 0x00, 0x00, 0x00, 0xbf, 0xff, 0xf4,
    0x00, 0x00, 0x00, 0x00, 0x00, 0x00, 0x00, 0x8f, 0xff, 0xfe, 0x30, 0xff, 0xff, 0x00, 0x00, 0x00,
    0x00, 0x1d, 0xff, 0xfd, 0x00, 0x02, 0xae, 0xff, 0xff, 0xff, 0xff, 0xff, 0xff, 0xe3, 0x00, 0xff,
    0xff, 0x00, 0x00, 0x00, 0x00, 0x03, 0xff, 0xff, 0x50, 0x2e, 0xff, 0xff, 0xff, 0xff, 0xff, 0xff,
    0xfe, 0x30, 0x00, 0xff, 0xff, 0x00, 0x00, 0x91, 0x00, 0x00, 0x9f, 0xff, 0xc0, 0xaf, 0xff, 0xff,
    0xff, 0xff, 0xff, 0xff, 0xe3, 0x00, 0x00, 0xff, 0xff, 0x00, 0x00, 0xfb, 0x10, 0x00, 0x2f, 0xff,
    0xf2, 0xef, 0xff, 0xff, 0xff, 0xff, 0xff, 0xfe, 0x30, 0x00, 0x00, 0xff, 0xff, 0x00, 0x00, 0xff,
    0x90, 0x00, 0x0b, 0xff, 0xf6, 0xff, 0xff, 0x00, 0x00, 0x00, 0x00, 0x00, 0x00, 0x00, 0x00, 0xff,
    0xff, 0x00, 0x00, 0xff, 0xf3, 0x00, 0x07, 0xff, 0xfa, 0xff, 0xff, 0x00, 0x00, 0x00, 0x00, 0x00,
    0x00, 0x00, 0x00, 0xff, 0xff, 0x00, 0x00, 0xff, 0xf9, 0x00, 0x03, 0xff, 0xfc, 0xff, 0xff, 0x00,
    0x00, 0x00, 0x00, 0x00, 0x00, 0x00, 0x00, 0xff, 0xff, 0x00, 0x00, 0xff, 0xfd, 0x00, 0x01, 0xff,
    0xfe, 0xff, 0xff, 0x00, 0x00, 0x00, 0x00, 0x00, 0x00, 0x00, 0x00, 0xff, 0xff, 0x00, 0x00, 0xff,
    0xff, 0x00, 0x00, 0xff, 0xff, 0xff, 0xff, 0x00, 0x00, 0x00, 0x00, 0x00, 0x00, 0x00, 0x00, 0xff,
    0xff, 0x00, 0x00, 0xff, 0xff, 0x00, 0x00, 0xff, 0xff, 0xff, 0xff, 0x00, 0x00, 0x00, 0x00, 0x00,
    0x00, 0x00, 0x00, 0xff, 0xff, 0x00, 0x00, 0xff, 0xfd, 0x00, 0x01, 0xff, 0xfe, 0xff, 0xff, 0x00,
    0x00, 0x00, 0x00, 0x00, 0x00, 0x00, 0x00, 0xff, 0xff, 0x00, 0x00, 0xff, 0xf9, 0x00, 0x03, 0xff,
    0xfc, 0xff, 0xff, 0x00, 0x00, 0x00, 0x00, 0x00, 0x00, 0x00, 0x00, 0xff, 0xff, 0x00, 0x00, 0xff,
    0xf3, 0x00, 0x07, 0xff, 0xfa, 0xef, 0xff, 0xff, 0xff, 0xff, 0xff, 0xfe, 0x30, 0x00, 0x00, 0xff,
    0xff, 0x00, 0x00, 0xff, 0x90, 0x00, 0x0b, 0xff, 0xf6, 0xaf, 0xff, 0xff, 0xff, 0xff, 0xff, 0xff,
    0xe3, 0x00, 0x00, 0xff, 0xff, 0x00, 0x00, 0xfb, 0x10, 0x00, 0x2f, 0xff, 0xf2, 0x2e, 0xff, 0xff,
    0xff, 0xff, 0xff, 0xff, 0xfe, 0x30, 0x00, 0xff, 0xff, 0x00, 0x00, 0x91, 0x00, 0x00, 0x9f, 0xff,
    0xc0, 0x02, 0xae, 0xff, 0xff, 0xff, 0xff, 0xff, 0xff, 0xe3, 0x00, 0xff, 0xff, 0x00, 0x00, 0x00,
    0x00, 0x03, 0xff, 0xff, 0x50, 0x00, 0x00, 0x00, 0x00, 0x00, 0x00, 0x8f, 0xff, 0xfe, 0x30, 0xff,
    0xff, 0x00, 0x00, 0x00, 0x00, 0x1d, 0xff, 0xfd, 0x00, 0x00, 0x00, 0x00, 0x00, 0x00, 0x00, 0x08,
    0xff, 0xff, 0xe3, 0xff, 0xff, 0x00, 0x00, 0x00, 0x00, 0xbf, 0xff, 0xf4, 0x00, 0x00, 0x00, 0x00,
    0x00, 0x00, 0x00, 0x00, 0x8f, 0xff, 0xfe, 0xff, 0xff, 0x00, 0x00, 0x00, 0x1b, 0xff, 0xff, 0x90,
    0x00, 0x00, 0x00, 0x00, 0x00, 0x00, 0x00, 0x00, 0x08, 0xff, 0xff, 0xff, 0xff, 0x00, 0x00, 0x03,
    0xdf, 0xff, 0xfc, 0x10, 0x00, 0x00, 0x00, 0x00, 0x00, 0x00, 0x00, 0x00, 0x00, 0x8f, 0xff, 0xff,
    0xff, 0x00, 0x00, 0x9f, 0xff, 0xff, 0xd1, 0x00, 0x00, 0x00, 0x00, 0x00, 0x00, 0x00, 0x00, 0x00,
    0x00, 0x08, 0xff, 0xff, 0xff, 0x00, 0x00, 0xff, 0xff, 0xfc, 0x10, 0x00, 0x00, 0x00, 0x00, 0x00,
    0x00, 0x00, 0x00, 0x00, 0x00, 0x00, 0x7f, 0xff, 0xff, 0x00, 0x00, 0xff, 0xff, 0x91, 0x00, 0x00,
    0x00, 0x00, 0x00, 0x00, 0x00, 0x00, 0x00, 0x00, 0x00, 0x00, 0x07, 0xff, 0xfd, 0x00, 0x00, 0xff,
    0xd4, 0x00, 0x00, 0x00, 0x00, 0x00, 0x00, 0x00, 0x00, 0x00, 0x00, 0x00, 0x00, 0x00, 0x00, 0x6f,
    0xf7, 0x00, 0x00, 0xc5, 0x00, 0x00, 0x00, 0x00, 0x00, 0x00, 0x00, 0x00, 0x00, 0x00, 0x00, 0x00,
    0x00, 0x00, 0x00, 0x01, 0x10, 0x00, 0x00, 0x00, 0x00, 0x00, 0x00, 0x00, 0x00, 0x00, 0x00, 0x00,
    0x00, 0x00, 0x00, 0x00, 0x36, 0x9b, 0xde, 0xff, 0xed, 0xb9, 0x63, 0x00, 0x00, 0x00, 0x00, 0x00,
    0x00, 0x00, 0x00, 0x00, 0x00, 0x00, 0x00, 0x03, 0x8d, 0xff, 0xff, 0xff, 0xff, 0xff, 0xff, 0xff,
    0xd8, 0x30, 0x00, 0x00, 0x00, 0x00, 0x00, 0x00, 0x00, 0x00, 0x00, 0x05, 0xcf, 0xff, 0xff, 0xff,
    0xff, 0xff, 0xff, 0xff, 0xff, 0xff, 0xfc, 0x50, 0x00, 0x00, 0x00, 0x00, 0x00, 0x61, 0x00, 0x03,
    0xcf, 0xff, 0xff, 0xff, 0xff, 0xff, 0xff, 0xff, 0xff, 0xff, 0xff, 0xff, 0xfc, 0x30, 0x00, 0x16,
    0x00, 0x00, 0xdc, 0x21, 0x9f, 0xff, 0xff, 0xff, 0xea, 0x74, 0x21, 0x00, 0x12, 0x47, 0xbe, 0xff,
    0xff, 0xff, 0xf9, 0x12, 0xcd, 0x00, 0x01, 0xff, 0xed, 0xff, 0xff, 0xff, 0xb5, 0x00, 0x00, 0x00,
    0x00, 0x00, 0x00, 0x00, 0x5b, 0xff, 0xff, 0xff, 0xde, 0xff, 0x10, 0x04, 0xff, 0xff, 0xff, 0xff,
    0xa2, 0x00, 0x00, 0x00, 0x00, 0x00, 0x00, 0x00, 0x00, 0x00, 0x3a, 0xff, 0xff, 0xff, 0xff, 0x40,
    0x07, 0xff, 0xff, 0xff, 0xd4, 0x00, 0x00, 0x00, 0x00, 0x00, 0x00, 0x00, 0x00, 0x00, 0x00, 0x00,
    0x4d, 0xff, 0xff, 0xff, 0x70, 0x0a, 0xff, 0xff, 0xff, 0x90, 0x00, 0x00, 0x00, 0x00, 0x00, 0x00,
    0x00, 0x00, 0x00, 0x00, 0x00, 0x09, 0xff, 0xff, 0xff, 0xa0, 0x0c, 0xff, 0xff, 0xff, 0xfa, 0x10,
    0x00, 0x00, 0x00, 0x00, 0x00, 0x00, 0x00, 0x00, 0x00, 0x01, 0xaf, 0xff, 0xff, 0xff, 0xc0, 0x1f,
    0xff, 0xff, 0xff, 0xff, 0xa0, 0x00, 0x00, 0x8f, 0xff, 0xff, 0xff, 0xf8, 0x00, 0x00, 0x0a, 0xff,
    0xff, 0xff, 0xff, 0xf1, 0x3f, 0xff, 0xff, 0xfe, 0x94, 0x00, 0x00, 0x00, 0x8f, 0xff, 0xff, 0xff,
    0xf8, 0x00, 0x00, 0x00, 0x49, 0xef, 0xff, 0xff, 0xf3, 0x6f, 0xff, 0xea, 0x50, 0x00, 0x00, 0x00,
    0x00, 0x8f, 0xff, 0xff, 0xff, 0xf8, 0x00, 0x00, 0x00, 0x00, 0x05, 0xae, 0xff, 0xf6, 0x9f, 0xb5,
    0x10, 0x00, 0x00, 0x00, 0x00, 0x00, 0x8f, 0xf8, 0x00, 0x8f, 0xf8, 0x00, 0x00, 0x00, 0x00, 0x00,
    0x01, 0x5b, 0xf9, 0x41, 0x00, 0x00, 0x00, 0x00, 0x27, 0x88, 0x88, 0xbf, 0xfb, 0x88, 0xbf, 0xfb,
    0x88, 0x88, 0x72, 0x00, 0x00, 0x00, 0x00, 0x14, 0x00, 0x00, 0x00, 0x00, 0x03, 0xef, 0xff, 0xff,
    0xff, 0xff, 0xff, 0xff, 0xff, 0xff, 0xff, 0xfe, 0x40, 0x00, 0x00, 0x00, 0x00, 0x00, 0x00, 0x00,
    0x00, 0x0c, 0xff, 0xff, 0xff, 0xff, 0xff, 0xff, 0xff, 0xff, 0xff, 0xff, 0xff, 0xc0, 0x00, 0x00,
    0x00, 0x00, 0x00, 0x00, 0x00, 0x00, 0x0f, 0xff, 0x88, 0x88, 0x88, 0x88, 0x88, 0x88, 0x88, 0x88,
    0x88, 0xff, 0xf0, 0x00, 0x00, 0x00, 0x00, 0x00, 0x00, 0x00, 0x00, 0x0f, 0xff, 0x00, 0x00, 0x00,
    0x00, 0x00, 0x00, 0x00, 0x00, 0x00, 0xff, 0xf0, 0x00, 0x00, 0x00, 0x00, 0x00, 0x00, 0x00, 0x00,
    0x0f, 0xff, 0x00, 0x00, 0x00, 0x00, 0x00, 0x00, 0x00, 0x00, 0x00, 0xff, 0xf0, 0x00, 0x00, 0x00,
    0x00, 0x00, 0x00, 0x00, 0x00, 0x0f, 0xff, 0x00, 0x00, 0x00, 0x01, 0x55, 0x10, 0x00, 0x00, 0x00,
    0xff, 0xf0, 0x00, 0x00, 0x00, 0x00, 0x00, 0x00, 0x00, 0x00, 0x0f, 0xff, 0x00, 0x00, 0x15, 0xae,
    0xff, 0xea, 0x51, 0x00, 0x00, 0xff, 0xf0, 0x00, 0x00, 0x00, 0x00, 0x00, 0x00, 0x00, 0x00, 0x0f,
    0xff, 0x01, 0x5a, 0xff, 0xff, 0xff, 0xff, 0xff, 0xa5, 0x10, 0xff, 0xf0, 0x00, 0x00, 0x00, 0x00,
    0x00, 0x00, 0x00, 0x00, 0x0f, 0xff, 0xbf, 0xff, 0xff, 0xff, 0xcc, 0xff, 0xff, 0xff, 0xfb, 0xff,
    0xf0, 0x00, 0x00, 0x00, 0x00, 0x00, 0x00, 0x00, 0x01, 0x6f, 0xff, 0xff, 0xff, 0xfc, 0x72, 0x00,
    0x27, 0xcf, 0xff, 0xff, 0xff, 0xf6, 0x10, 0x00, 0x00, 0x00, 0x00, 0x00, 0x00, 0x8f, 0xff, 0xff,
    0xff, 0xc7, 0x20, 0x00, 0x00, 0x00, 0x02, 0x7c, 0xff, 0xff, 0xff, 0xf8, 0x00, 0x00, 0x00, 0x00,
    0x00, 0x00, 0xff, 0xff, 0xfc, 0x72, 0x00, 0x00, 0x00, 0x00, 0x00, 0x00, 0x00, 0x26, 0xbf, 0xff,
    0xff, 0x00, 0x00, 0x00, 0x00, 0x00, 0x00, 0xcf, 0xf9, 0x20, 0x00, 0x00, 0x00, 0x00, 0x00, 0x00,
    0x00, 0x00, 0x00, 0x02, 0x9f, 0xfc, 0x00, 0x00, 0x00, 0x00, 0x00, 0x00, 0x8f, 0xf9, 0x00, 0x00,
    0x00, 0x00, 0x00, 0x00, 0x00, 0x00, 0x00, 0x00, 0x00, 0x9f, 0xf8, 0x00, 0x00, 0x00, 0x00, 0x00,
    0x00, 0x3f, 0xfd, 0x00, 0x00, 0x00, 0x00, 0x00, 0x00, 0x00, 0x00, 0x00, 0x00, 0x00, 0xdf, 0xf3,
    0x00, 0x00, 0x00, 0x00, 0x00, 0x00, 0x0e, 0xff, 0x20, 0x00, 0x00, 0x00, 0x00, 0x00, 0x00, 0x00,
    0x00, 0x00, 0x02, 0xff, 0xe0, 0x00, 0x00, 0x00, 0x00, 0x00, 0x00, 0x0a, 0xff, 0x60, 0x00, 0x00,
    0x00, 0x00, 0x00, 0x00, 0x00, 0x00, 0x00, 0x06, 0xff, 0xa0, 0x00, 0x00, 0x00, 0x00, 0x00, 0x00,
    0x00, 0x00, 0x00, 0x00, 0x00, 0x00, 0x00, 0x00, 0x00, 0x00, 0x00, 0x00, 0x00, 0x00, 0x00, 0x00,
    0x00, 0x00, 0x00, 0x00, 0x00, 0x00, 0x00, 0x00, 0x00, 0x00, 0x00, 0x00, 0x00, 0x00, 0x00, 0x00,
    0x00, 0x00, 0x00, 0x00, 0x00, 0x00, 0x00, 0x00, 0x00, 0x00, 0x00, 0x00, 0x00, 0x55, 0x00, 0x00,
    0x00, 0x00, 0x00, 0x00, 0x00, 0x54, 0x00, 0x00, 0x00, 0x00, 0x00, 0x00, 0x00, 0x00, 0x00, 0x00,
    0x00, 0x3b, 0xff, 0xb4, 0x00, 0x00, 0x00, 0x00, 0x00, 0x4b, 0xff, 0xb3, 0x00, 0x00, 0x00, 0x00,
    0x00, 0x00, 0x00, 0x00, 0x14, 0x7c, 0xff, 0xff, 0xff, 0xd8, 0x52, 0x11, 0x35, 0x8d, 0xff, 0xff,
    0xff, 0xc7, 0x41, 0x00, 0x00, 0x00, 0x00, 0x0f, 0xff, 0xff, 0xff, 0xff, 0xff, 0xff, 0xff, 0xff,
    0xff, 0xff, 0xff, 0xff, 0xff, 0xff, 0xff, 0xff, 0xff, 0xf0, 0x00, 0x00, 0x0f, 0xff, 0xff, 0xff,
    0xff, 0xff, 0xff, 0xff, 0xff, 0xff, 0xff, 0xff, 0xff, 0xff, 0xff, 0xff, 0xff, 0xff, 0xf0, 0x00,
    0x00, 0x0f, 0xff, 0xff, 0xff, 0xfa, 0x44, 0xaf, 0xff, 0xff, 0xff, 0xff, 0xff, 0xfa, 0x44, 0xbf,
    0xff, 0xff, 0xff, 0xf0, 0x00, 0x00, 0x0f, 0xff, 0xec, 0x96, 0x10, 0x00, 0x01, 0x59, 0xcd, 0xee,
    0xdc, 0x95, 0x10, 0x00, 0x01, 0x6a, 0xce, 0xff, 0xf0, 0x00, 0x00, 0x00, 0x00, 0x00, 0x00, 0x00,
    0x00, 0x07, 0xcf, 0xfc, 0x70, 0x00, 0x00, 0x00, 0x00, 0x00, 0x00, 0x00, 0x00, 0x00, 0x00, 0x00,
    0x00, 0x00, 0x02, 0xcf, 0xff, 0xff, 0xfc, 0x20, 0x00, 0x00, 0x00, 0x00, 0x00, 0x00, 0x00, 0x00,
    0x00, 0x00, 0x00, 0x00, 0x0c, 0xff, 0xff, 0xff, 0xff, 0xc0, 0x00, 0x00, 0x00, 0x00, 0x00, 0x00,
    0x00, 0x00, 0x00, 0x00, 0x00, 0x00, 0x7f, 0xff, 0xff, 0xff, 0xff, 0xf7, 0x00, 0x00, 0x00, 0x00,
    0x00, 0x00, 0x00, 0x00, 0x00, 0x00, 0x00, 0x00, 0xcf, 0xff, 0xa1, 0x1a, 0xff, 0xfc, 0x00, 0x00,
    0x00, 0x00, 0x00, 0x00, 0x00, 0x00, 0x00, 0x00, 0x00, 0x00, 0xff, 0xff, 0x10, 0x01, 0xff, 0xff,
    0x00, 0x00, 0x00, 0x00, 0x00, 0x00, 0x00, 0x00, 0x00, 0x00, 0x00, 0x00, 0xff, 0xff, 0x10, 0x01,
    0xff, 0xff, 0x00, 0x00, 0x00, 0x00, 0x00, 0x00, 0x00, 0x00, 0x00, 0x00, 0x00, 0x00, 0xcf, 0xff,
    0xa1, 0x1a, 0xff, 0xfc, 0x00, 0x00, 0x00, 0x00, 0x00, 0x00, 0x00, 0x00, 0x00, 0x00, 0x00, 0x00,
    0x7f, 0xff, 0xff, 0xff, 0xff, 0xf7, 0x00, 0x00, 0x00, 0x00, 0x00, 0x00, 0x00, 0x00, 0x00, 0x00,
    0x00, 0x00, 0x0c, 0xff, 0xff, 0xff, 0xff, 0xc0, 0x00, 0x00, 0x00, 0x00, 0x00, 0x00, 0x00, 0x00,
    0x00, 0x00, 0x00, 0x00, 0x02, 0xcf, 0xff, 0xff, 0xfc, 0x20, 0x00, 0x00, 0x00, 0x00, 0x00, 0x00,
    0x00, 0x00, 0x00, 0x00, 0x00, 0x00, 0x00, 0x06, 0xff, 0xff, 0x60, 0x00, 0x00, 0x00, 0x00, 0x00,
    0x00, 0x00, 0x00, 0x00, 0x00, 0x00, 0x00, 0x00, 0x00, 0x00, 0xff, 0xff, 0x00, 0x00, 0x00, 0x00,
    0x00, 0x00, 0x00, 0x00, 0x00, 0x00, 0x00, 0x00, 0x00, 0x00, 0x00, 0x00, 0xff, 0xff, 0x00, 0x00,
    0x00, 0x00, 0x00, 0x00, 0x00, 0x00, 0x00, 0x00, 0x00, 0x00, 0x00, 0xff, 0xff, 0xff, 0xff, 0xff,
    0xff, 0xff, 0xff, 0x00, 0x00, 0x00, 0x00, 0x00, 0x00, 0x00, 0x00, 0x00, 0x00, 0xff, 0xff, 0xff,
    0xff, 0xff, 0xff, 0xff, 0xff, 0x00, 0x00, 0x00, 0x00, 0x00, 0x00, 0x00, 0x00, 0x00, 0x00, 0xff,
    0xff, 0xff, 0xff, 0xff, 0xff, 0xff, 0xff, 0x00, 0x00, 0x00, 0x00, 0x00, 0x00, 0x00, 0x00, 0x00,
    0x00, 0xff, 0xff, 0xff, 0xff, 0xff, 0xff, 0xff, 0xff, 0x00, 0x00, 0x00, 0x00, 0x00, 0x00, 0x00,
    0x00, 0x00, 0x00, 0x00, 0x00, 0x00, 0xff, 0xff, 0x00, 0x00, 0x00, 0x00, 0x00, 0x00, 0x00, 0x00,
    0x00, 0x00, 0x00, 0x00, 0x00, 0x00, 0x00, 0x00, 0xff, 0xff, 0x00, 0x00, 0x00, 0x00, 0x00, 0x00,
    0x00, 0x00, 0x91, 0x00, 0x00, 0x00, 0x00, 0x00, 0x00, 0x00, 0xff, 0xff, 0x00, 0x00, 0x00, 0x00,
    0x00, 0x00, 0x00, 0x19, 0xfc, 0x30, 0x00, 0x00, 0x00, 0x00, 0x00, 0x00, 0xff, 0xff, 0x00, 0x00,
    0x00, 0x00, 0x00, 0x00, 0x02, 0xdf, 0xff, 0xe6, 0x00, 0x00, 0x00, 0x00, 0x00, 0x00, 0xff, 0xff,
    0x00, 0x00, 0x00, 0x00, 0x00, 0x00, 0x6e, 0xff, 0xff, 0xff, 0x91, 0x00, 0x00, 0x00, 0x00, 0x00,
    0xff, 0xff, 0x00, 0x00, 0x00, 0x00, 0x00, 0x19, 0xff, 0xff, 0xff, 0xff, 0xfd, 0x20, 0x00, 0x00,
    0x00, 0x00, 0xff, 0xff, 0x00, 0x00, 0x00, 0x00, 0x02, 0xdf, 0xff, 0xff, 0xff, 0xff, 0xff, 0xe6,
    0x00, 0x00, 0x00, 0x00, 0xff, 0xff, 0x00, 0x00, 0x00, 0x00, 0x6e, 0xff, 0xff, 0xff, 0xff, 0xff,
    0xff, 0xf8, 0x00, 0x00, 0x00, 0x00, 0xff, 0xff, 0x00, 0x00, 0x00, 0x00, 0x8f, 0xff, 0xff, 0xff,
    0xdf, 0xff, 0xff, 0x80, 0x00, 0x00, 0x00, 0x00, 0xff, 0xff, 0x00, 0x00, 0x00, 0x00, 0x08, 0xff,
    0xff, 0xfd, 0xaf, 0xff, 0xf8, 0x00, 0x00, 0x00, 0x00, 0x00, 0xff, 0xff, 0x00, 0x00, 0x00, 0x00,
    0x00, 0x8f, 0xff, 0xfa, 0x5f, 0xff, 0xf3, 0x00, 0x00, 0x00, 0x00, 0x00, 0xff, 0xff, 0x00, 0x00,
    0x00, 0x00, 0x00, 0x3f, 0xff, 0xf5, 0x0d, 0xff, 0xfd, 0x10, 0x00, 0x00, 0x00, 0x00, 0xff, 0xff,
    0x00, 0x00, 0x00, 0x00, 0x01, 0xdf, 0xff, 0xd0, 0x05, 0xff, 0xff, 0xc1, 0x00, 0x00, 0x00, 0x00,
    0xff, 0xff, 0x00, 0x00, 0x00, 0x00, 0x1c, 0xff, 0xff, 0x50, 0x00, 0x9f, 0xff, 0xfd, 0x30, 0x00,
    0x00, 0x00, 0xff, 0xff, 0x00, 0x00, 0x00, 0x03, 0xdf, 0xff, 0xf9, 0x00, 0x00, 0x0b, 0xff, 0xff,
    0xf8, 0x10, 0x00, 0x00, 0xff, 0xff, 0x00, 0x00, 0x01, 0x8f, 0xff, 0xff, 0xb0, 0x00, 0x00, 0x01,
    0xbf, 0xff, 0xff, 0xe7, 0x10, 0x00, 0xff, 0xff, 0x00, 0x01, 0x7e, 0xff, 0xff, 0xfb, 0x10, 0x00,
    0x00, 0x00, 0x09, 0xff, 0xff, 0xff, 0xfb, 0x74, 0xff, 0xff, 0x47, 0xbf, 0xff, 0xff, 0xff, 0x90,
    0x00, 0x00, 0x00, 0x00, 0x00, 0x4d, 0xff, 0xff, 0xff, 0xff, 0xff, 0xff, 0xff, 0xff, 0xff, 0xff,
    0xd4, 0x00, 0x00, 0x00, 0x00, 0x00, 0x00, 0x01, 0x7e, 0xff, 0xff, 0xff, 0xff, 0xff, 0xff, 0xff,
    0xff, 0xe7, 0x10, 0x00, 0x00, 0x00, 0x00, 0x00, 0x00, 0x00, 0x01, 0x7c, 0xff, 0xff, 0xff, 0xff,
    0xff, 0xff, 0xc7, 0x10, 0x00, 0x00, 0x00, 0x00, 0x00, 0x00, 0x00, 0x00, 0x00, 0x00, 0x26, 0xac,
    0xef, 0xfe, 0xca, 0x62, 0x00, 0x00, 0x00, 0x00, 0x00, 0x00, 0x00, 0x00, 0x00, 0x00, 0x00, 0x00,
    0x00, 0xff, 0xff, 0xff, 0xff, 0xff, 0xff, 0x00, 0x00, 0x00, 0x00, 0x00, 0x00, 0x00, 0x00, 0x00,
    0x00, 0x00, 0x00, 0x00, 0x00, 0xff, 0xff, 0xff, 0xff, 0xff, 0xff, 0x00, 0x00, 0x00, 0x00, 0x00,
    0x00, 0x00, 0x00, 0x00, 0x00, 0x00, 0x00, 0x00, 0x00, 0xff, 0xff, 0xff, 0xff, 0xff, 0xff, 0x00,
    0x00, 0x00, 0x00, 0x00, 0x00, 0x00, 0x00, 0x00, 0x00, 0x00, 0x00, 0x00, 0x00, 0xbb, 0xbb, 0xbb,
    0xbb, 0xbb, 0xbb, 0x00, 0x00, 0x00, 0x00, 0x00, 0x00, 0x00, 0x00, 0x00, 0x00, 0x00, 0x00, 0x00,
    0x00, 0x00, 0x00, 0x00, 0x00, 0x00, 0x00, 0x00, 0x00, 0x00, 0x00, 0x00, 0x00, 0x00, 0x00, 0x00,
    0x00, 0x00, 0x00, 0x00, 0x00, 0x00, 0x00, 0x00, 0x00, 0x00, 0x00, 0x00, 0x00, 0x00, 0x00, 0x00,
    0x00, 0x00, 0x00, 0x00, 0x00, 0x00, 0x00, 0x00, 0x00, 0x00, 0x00, 0x00, 0x00, 0x00, 0x00, 0x00,
    0x00, 0x00, 0x00, 0x00, 0x00, 0x00, 0x00, 0x00, 0x02, 0x67, 0x77, 0x77, 0x77, 0x77, 0x77, 0x77,
    0x77, 0x77, 0x77, 0x77, 0x77, 0x77, 0x76, 0x20, 0x00, 0x00, 0x00, 0x01, 0xaf, 0xff, 0xff, 0xff,
    0xff, 0xff, 0xff, 0xff, 0xff, 0xff, 0xff, 0xff, 0xff, 0xff, 0xff, 0xfa, 0x10, 0x00, 0x00, 0x2d,
    0xff, 0xff, 0xff, 0xff, 0xff, 0xff, 0xff, 0xff, 0xff, 0xff, 0xff, 0xff, 0xff, 0xff, 0xff, 0xff,
    0xd2, 0x00, 0x00, 0xcf, 0xff, 0xff, 0xff, 0xff, 0xff, 0xff, 0xff, 0xff, 0xff, 0xff, 0xff, 0xff,
    0xff, 0xff, 0xff, 0xff, 0xfc, 0x00, 0x06, 0xff, 0xff, 0xff, 0xff, 0xff, 0xff, 0xff, 0xff, 0xff,
    0xff, 0xff, 0xff, 0xff, 0xff, 0xff, 0xff, 0xff, 0xff, 0x60, 0x0d, 0xff, 0xff, 0xff, 0xff, 0xff,
    0xff, 0xff, 0xff, 0xff, 0xff, 0xff, 0xff, 0xff, 0xff, 0xff, 0xff, 0xff, 0xff, 0xd0, 0x4f, 0xff,
    0xff, 0xff, 0xff, 0xff, 0xff, 0xff, 0xff, 0xff, 0xff, 0xff, 0xff, 0xff, 0xff, 0xff, 0xff, 0xff,
    0xff, 0xf4, 0x8f, 0xff, 0xff, 0xff, 0xff, 0xff, 0xff, 0xff, 0xff, 0xff, 0xff, 0xff, 0xff, 0xff,
    0xff, 0xff, 0xff, 0xff, 0xff, 0xf8, 0xbf, 0xff, 0xff, 0xff, 0xff, 0xff, 0xff, 0xff, 0xff, 0xff,
    0xff, 0xff, 0xff, 0xff, 0xff, 0xff, 0xff, 0xff, 0xff, 0xfb, 0xef, 0xff, 0xff, 0xff, 0xff, 0xff,
    0xff, 0xff, 0xff, 0xff, 0xff, 0xff, 0xff, 0xff, 0xff, 0xff, 0xff, 0xff, 0xff, 0xfe, 0xff, 0xff,
    0xff, 0xff, 0xff, 0xff, 0xff, 0xff, 0xff, 0xff, 0xff, 0xff, 0xff, 0xff, 0xff, 0xff, 0xff, 0xff,
    0xff, 0xff, 0xff, 0xff, 0xff, 0xff, 0xff, 0xff, 0xff, 0xff, 0xff, 0xff, 0xff, 0xff, 0xff, 0xff,
    0xff, 0xff, 0xff, 0xff, 0xff, 0xff, 0xef, 0xff, 0xff, 0xff, 0xff, 0xff, 0xff, 0xff, 0xff, 0xff,
    0xff, 0xff, 0xff, 0xff, 0xff, 0xff, 0xff, 0xff, 0xff, 0xfe, 0xcf, 0xff, 0xff, 0xff, 0xff, 0xff,
    0xff, 0xff, 0xff, 0xff, 0xff, 0xff, 0xff, 0xff, 0xff, 0xff, 0xff, 0xff, 0xff, 0xfc, 0xaf, 0xff,
    0xff, 0xff, 0xff, 0xff, 0xff, 0xff, 0xff, 0xff, 0xff, 0xff, 0xff, 0xff, 0xff, 0xff, 0xff, 0xff,
    0xff, 0xfa, 0x6f, 0xff, 0xff, 0xff, 0xff, 0xff, 0xff, 0xff, 0xff, 0xff, 0xff, 0xff, 0xff, 0xff,
    0xff, 0xff, 0xff, 0xff, 0xff, 0xf6, 0x1f, 0xff, 0xff, 0xff, 0xff, 0xff, 0xff, 0xff, 0xff, 0xff,
    0xff, 0xff, 0xff, 0xff, 0xff, 0xff, 0xff, 0xff, 0xff, 0xf1, 0x09, 0xff, 0xff, 0xff, 0xff, 0xff,
    0xff, 0xff, 0xff, 0xff, 0xff, 0xff, 0xff, 0xff, 0xff, 0xff, 0xff, 0xff, 0xff, 0x90, 0x02, 0xef,
    0xff, 0xff, 0xff, 0xff, 0xff, 0xff, 0xff, 0xff, 0xff, 0xff, 0xff, 0xff, 0xff, 0xff, 0xff, 0xff,
    0xfe, 0x20, 0x00, 0x5f, 0xff, 0xff, 0xff, 0xff, 0xff, 0xff, 0xff, 0xff, 0xff, 0xff, 0xff, 0xff,
    0xff, 0xff, 0xff, 0xff, 0xf5, 0x00, 0x00, 0x05, 0xef, 0xff, 0xff, 0xff, 0xff, 0xff, 0xff, 0xff,
    0xff, 0xff, 0xff, 0xff, 0xff, 0xff, 0xff, 0xfe, 0x50, 0x00, 0x00, 0x00, 0x28, 0xcc, 0xcc, 0xff,
    0xff, 0xec, 0xcc, 0xcc, 0xcc, 0xcc, 0xce, 0xff, 0xff, 0xcc, 0xcc, 0x82, 0x00, 0x00, 0x00, 0x00,
    0x00, 0x00, 0x00, 0xdf, 0xff, 0x80, 0x00, 0x00, 0x00, 0x00, 0x08, 0xff, 0xfd, 0x00, 0x00, 0x00,
    0x00, 0x00, 0x00, 0x00, 0x00, 0x00, 0x00, 0xbf, 0xff, 0x80, 0x00, 0x00, 0x00, 0x00, 0x08, 0xff,
    0xfb, 0x00, 0x00, 0x00, 0x00, 0x00, 0x00, 0x00, 0x00, 0x00, 0x00, 0x9f, 0xff, 0x80, 0x00, 0x00,
    0x00, 0x00, 0x08, 0xff, 0xf9, 0x00, 0x00, 0x00, 0x00, 0x00, 0x00, 0x00, 0x00, 0x00, 0x00, 0x8f,
    0xff, 0x80, 0x00, 0x00, 0x00, 0x00, 0x08, 0xff, 0xf8, 0x00, 0x00, 0x00, 0x00, 0x00, 0x00, 0x00,
    0x00, 0x00, 0x00, 0x6f, 0xff, 0x80, 0x00, 0x00, 0x00, 0x00, 0x08, 0xff, 0xf6, 0x00, 0x00, 0x00,
    0x00, 0x00, 0x00, 0x00, 0x00, 0x00, 0x00, 0x4f, 0xff, 0x80, 0x00, 0x00, 0x00, 0x00, 0x08, 0xff,
    0xf4, 0x00, 0x00, 0x00, 0x00, 0x00, 0x00, 0x00, 0x00, 0x00, 0x00, 0x2f, 0xff, 0x80, 0x00, 0x00,
    0x00, 0x00, 0x08, 0xff, 0xf2, 0x00, 0x00, 0x00, 0x00, 0x00, 0x00, 0x00, 0x00, 0x5e, 0xff, 0xff,
    0xe5, 0x00, 0x00, 0x00, 0x00, 0x00, 0x00, 0xef, 0xff, 0xff, 0xfe, 0x00, 0x00, 0x00, 0x00, 0x00,
    0x00, 0xff, 0xff, 0xff, 0xff, 0x00, 0x00, 0x00, 0x00, 0x00, 0x00, 0xff, 0xff, 0xff, 0xff, 0x00,
    0x00, 0x00, 0x02, 0xae, 0xff, 0xff, 0xff, 0xff, 0xff, 0xff, 0xea, 0x20, 0x2e, 0xff, 0xff, 0xff,
    0xff, 0xff, 0xff, 0xff, 0xff, 0xe2, 0xaf, 0xff, 0xff, 0xff, 0xff, 0xff, 0xff, 0xff, 0xff, 0xfa,
    0xef, 0xff, 0xff, 0xff, 0xff, 0xff, 0xff, 0xff, 0xff, 0xfe, 0xff, 0xff, 0xff, 0xff, 0xff, 0xff,
    0xff, 0xff, 0xff, 0xff, 0xff, 0xff, 0xff, 0xff, 0xff, 0xff, 0xff, 0xff, 0xff, 0xff, 0xff, 0xff,
    0xff, 0xff, 0xff, 0xff, 0xff, 0xff, 0xff, 0xff, 0xff, 0xff, 0xff, 0xff, 0xff, 0xff, 0xff, 0xff,
    0xff, 0xff, 0xff, 0xff, 0xff, 0xff, 0xff, 0xff, 0xff, 0xff, 0xff, 0xff, 0xff, 0xff, 0xff, 0xff,
    0xff, 0xff, 0xff, 0xff, 0xff, 0xff, 0xff, 0xff, 0xff, 0xff, 0xff, 0xff, 0xff, 0xff, 0xff, 0xff,
    0xff, 0xff, 0xff, 0xff, 0xff, 0xff, 0xff, 0xff, 0xff, 0xff, 0xff, 0xff, 0xff, 0xff, 0xff, 0xff,
    0xff, 0xff, 0xff, 0xff, 0xff, 0xff, 0xff, 0xff, 0xff, 0xff, 0xff, 0xff, 0xff, 0xff, 0xff, 0xff,
    0xff, 0xff, 0xff, 0xff, 0xff, 0xff, 0xff, 0xff, 0xff, 0xff, 0xff, 0xff, 0xff, 0xff, 0xff, 0xff,
    0xff, 0xff, 0xff, 0xff, 0xff, 0xff, 0xff, 0xff, 0xff, 0xff, 0xff, 0xff, 0xff, 0xff, 0xff, 0xff,
    0xff, 0xff, 0xff, 0xff, 0xff, 0xff, 0xff, 0xff, 0xff, 0xff, 0xff, 0xff, 0xff, 0xff, 0xff, 0xff,
    0xff, 0xff, 0xff, 0xff, 0xff, 0xff, 0xff, 0xff, 0xff, 0xff, 0xff, 0xff, 0xff, 0xff, 0xff, 0xff,
    0xff, 0xff, 0xff, 0xff, 0xff, 0xff, 0xff, 0xff, 0xff, 0xff, 0xff, 0xff, 0xff, 0xff, 0xff, 0xff,
    0xff, 0xff, 0xff, 0xff, 0xff, 0xff, 0xff, 0xff, 0xff, 0xff, 0xff, 0xff, 0xff, 0xff, 0xff, 0xff,
    0xff, 0xff, 0xff, 0xff, 0xff, 0xff, 0xff, 0xff, 0xff, 0xff, 0xff, 0xff, 0xff, 0xff, 0xff, 0xff,
    0xff, 0xff, 0xff, 0xff, 0xff, 0xff, 0xff, 0xff, 0xff, 0xff, 0xff, 0xff, 0xff, 0xff, 0xff, 0xff,
    0xff, 0xff, 0xff, 0xff, 0xff, 0xff, 0xff, 0xff, 0xff, 0xff, 0xff, 0xff, 0xff, 0xff, 0xff, 0xff,
    0xff, 0xff, 0xff, 0xff, 0xff, 0xff, 0xff, 0xff, 0xff, 0xff, 0xff, 0xff, 0xff, 0xff, 0xff, 0xff,
    0xff, 0xff, 0xff, 0xff, 0xff, 0xff, 0xff, 0xff, 0xff, 0xff, 0xff, 0xff, 0xff, 0xff, 0xff, 0xff,
    0xff, 0xff, 0xff, 0xff, 0xff, 0xff, 0xff, 0xff, 0xff, 0xff, 0xff, 0xff, 0xff, 0xff, 0xff, 0xff,
    0xff, 0xff, 0xff, 0xff, 0xff, 0xff, 0xef, 0xff, 0xff, 0xff, 0xff, 0xff, 0xff, 0xff, 0xff, 0xfe,
    0xaf, 0xff, 0xff, 0xff, 0xff, 0xff, 0xff, 0xff, 0xff, 0xfa, 0x2e, 0xff, 0xff, 0xff, 0xff, 0xff,
    0xff, 0xff, 0xff, 0xe2, 0x02, 0xae, 0xff, 0xff, 0xff, 0xff, 0xff, 0xff, 0xea, 0x20, 0x00, 0x00,
    0x00, 0x00, 0x00, 0x00, 0xc6, 0x00, 0x00, 0x00, 0x00, 0x00, 0x00, 0x00, 0x00, 0x00, 0x00, 0x00,
    0x00, 0x00, 0x00, 0x00, 0x00, 0x00, 0x00, 0x04, 0xfe, 0x20, 0x00, 0x06, 0x40, 0x00, 0x00, 0x00,
    0x00, 0x00, 0x00, 0x00, 0x00, 0x00, 0x00, 0x00, 0x00, 0x00, 0x00, 0x09, 0xff, 0xa0, 0x02, 0xbf,
    0x90, 0x00, 0x00, 0x00, 0x00, 0x00, 0x00, 0x00, 0x00, 0x00, 0x00, 0x00, 0x08, 0xe8, 0x20, 0x0e,
    0xff, 0xf5, 0x5e, 0xff, 0x80, 0x00, 0x00, 0x00, 0x00, 0x00, 0x00, 0x00, 0x00, 0x00, 0x00, 0x00,
    0x07, 0xff, 0xfa, 0x9f, 0xff, 0xff, 0xff, 0xff, 0x60, 0x00, 0x00, 0x00, 0x00, 0x00, 0x00, 0x00,
    0x00, 0x00, 0x00, 0x00, 0x02, 0xff, 0xff, 0xff, 0xff, 0xff, 0xff, 0xff, 0x40, 0x00, 0x00, 0x00,
    0x00, 0x00, 0x00, 0x00, 0x00, 0x00, 0x00, 0x00, 0x00, 0xbf, 0xff, 0xe8, 0x30, 0x02, 0x7e, 0xff,
    0xa6, 0x66, 0x62, 0x00, 0x00, 0x00, 0x00, 0x00, 0x00, 0x00, 0x00, 0x00, 0x00, 0x7f, 0xfc, 0x20,
    0x00, 0x00, 0x01, 0xbf, 0xff, 0xff, 0xf7, 0x00, 0x00, 0x00, 0x00, 0x00, 0x00, 0x00, 0x00, 0x03,
    0x69, 0xef, 0xd1, 0x00, 0x00, 0x00, 0x00, 0x0c, 0xff, 0xff, 0xa0, 0x00, 0x00, 0x00, 0x00, 0x00,
    0x00, 0x00, 0x03, 0xef, 0xff, 0xff, 0x50, 0x00, 0x00, 0x00, 0x00, 0x04, 0xff, 0xfb, 0x00, 0x00,
    0x00, 0x00, 0x00, 0x00, 0x00, 0x00, 0x01, 0xbf, 0xff, 0xfe, 0x00, 0x00, 0x00, 0x00, 0x00, 0x03,
    0xef, 0xff, 0xec, 0x95, 0x00, 0x00, 0x00, 0x00, 0x00, 0x00, 0x00, 0x06, 0xef, 0xfb, 0x00, 0x00,
    0x00, 0x00, 0x02, 0xbf, 0xff, 0xff, 0xff, 0xff, 0xe6, 0x00, 0x00, 0x00, 0x00, 0x00, 0x00, 0x00,
    0x2d, 0xfb, 0x00, 0x00, 0x00, 0x00, 0x6e, 0xff, 0xff, 0xff, 0xff, 0xff, 0xff, 0xc1, 0x00, 0x00,
    0x00, 0x00, 0x00, 0x00, 0x1c, 0xfd, 0x00, 0x03, 0x20, 0x08, 0xff, 0xff, 0xa4, 0x10, 0x14, 0x8d,
    0xff, 0xfd, 0x20, 0x00, 0x00, 0x00, 0x00, 0x00, 0xbf, 0xff, 0x48, 0xef, 0xfd, 0xaf, 0xff, 0xc3,
    0x00, 0x00, 0x00, 0x00, 0x7f, 0xff, 0xc0, 0x00, 0x00, 0x00, 0x00, 0x0a, 0xff, 0xff, 0xff, 0xff,
    0xff, 0xff, 0xfb, 0x10, 0x00, 0x00, 0x00, 0x00, 0x04, 0xff, 0xf7, 0x00, 0x00, 0x00, 0x00, 0x7f,
    0xff, 0xff, 0xff, 0xfd, 0xef, 0xff, 0xb0, 0x00, 0x00, 0x00, 0x00, 0x00, 0x00, 0x7f, 0xfe, 0x10,
    0x00, 0x00, 0x00, 0x27, 0x66, 0x6f, 0xff, 0x60, 0x07, 0xfe, 0x10, 0x00, 0x00, 0x00, 0x00, 0x00,
    0x00, 0x0d, 0xff, 0x50, 0x00, 0x00, 0x00, 0x17, 0xce, 0xff, 0xfd, 0x00, 0x00, 0x65, 0x00, 0x00,
    0x00, 0x00, 0x00, 0x00, 0x00, 0x07, 0xff, 0xb3, 0x00, 0x00, 0x03, 0xdf, 0xff, 0xff, 0xfb, 0x00,
    0x00, 0x00, 0x00, 0x00, 0x00, 0x00, 0x00, 0x00, 0x00, 0x03, 0xff, 0xff, 0xc3, 0x00, 0x1d, 0xff,
    0xff, 0xff, 0xfd, 0x00, 0x00, 0x00, 0x00, 0x00, 0x00, 0x00, 0x00, 0x00, 0x00, 0x01, 0xff, 0xff,
    0xff, 0x60, 0x7f, 0xfe, 0x61, 0x00, 0x00, 0x00, 0x00, 0x00, 0x00, 0x00, 0x00, 0x00, 0x00, 0x00,
    0x00, 0x00, 0x25, 0xaf, 0xff, 0xf4, 0xcf, 0xf5, 0x00, 0x00, 0x00, 0x00, 0x00, 0x00, 0x00, 0x00,
    0x00, 0x00, 0x00, 0x00, 0x00, 0x00, 0x00, 0x02, 0xcf, 0xfb, 0xff, 0xf1, 0x00, 0x00, 0x00, 0x00,
    0x00, 0x00, 0x00, 0x00, 0x00, 0x00, 0x00, 0x00, 0x00, 0x00, 0x00, 0x00, 0x2f, 0xff, 0xff, 0xf1,
    0x00, 0x00, 0x00, 0x00, 0x00, 0x00, 0x00, 0x00, 0x00, 0x00, 0x00, 0x00, 0x00, 0x00, 0x00, 0x00,
    0x1f, 0xfe, 0xcf, 0xf6, 0x00, 0x00, 0x00, 0x00, 0x00, 0x00, 0x00, 0x00, 0x00, 0x00, 0x00, 0x00,
    0x00, 0x00, 0x00, 0x00, 0x7f, 0xfb, 0x7f, 0xff, 0x61, 0x00, 0x00, 0x00, 0x00, 0x00, 0x00, 0x00,
    0x00, 0x00, 0x00, 0x00, 0x00, 0x00, 0x00, 0x16, 0xff, 0xf6, 0x1d, 0xff, 0xff, 0xff, 0xff, 0xff,
    0xff, 0xff, 0xff, 0xff, 0xff, 0xff, 0xff, 0xff, 0xff, 0xff, 0xff, 0xff, 0xff, 0xc0, 0x02, 0xdf,
    0xff, 0xff, 0xff, 0xff, 0xff, 0xff, 0xff, 0xff, 0xff, 0xff, 0xff, 0xff, 0xff, 0xff, 0xff, 0xff,
    0xfc, 0x20, 0x00, 0x17, 0xcf, 0xff, 0xff, 0xff, 0xff, 0xff, 0xff, 0xff, 0xff, 0xff, 0xff, 0xff,
    0xff, 0xff, 0xff, 0xfc, 0x71, 0x00, 0x00, 0x00, 0x00, 0x00, 0x00, 0x00, 0x00, 0x00, 0x00, 0x00,
    0x00, 0x00, 0x00, 0x00, 0x00, 0x00, 0x00, 0x00, 0x00, 0x00, 0x00, 0x00, 0x00, 0x00, 0x00, 0x00,
    0x00, 0x00, 0x00, 0x00, 0x00, 0x00, 0x00, 0x00, 0x00, 0x00, 0x00, 0x00, 0x00, 0x00, 0x00, 0x00,
    0x00, 0x00, 0x00, 0xbf, 0x80, 0x00, 0x00, 0x00, 0x00, 0x00, 0x00, 0xbf, 0x80, 0x00, 0x00, 0x00,
    0x00, 0x00, 0x00, 0x00, 0x00, 0x00, 0x06, 0xff, 0xf1, 0x00, 0x00, 0x00, 0x00, 0x00, 0x06, 0xff,
    0xf1, 0x00, 0x00, 0x00, 0x00, 0x00, 0x00, 0x00, 0x00, 0x00, 0x0d, 0xff, 0xd0, 0x00, 0x00, 0x00,
    0x00, 0x00, 0x0c, 0xff, 0xd0, 0x00, 0x00, 0x00, 0x00, 0x00, 0x00, 0x00, 0x00, 0x00, 0x4f, 0xff,
    0x70, 0x00, 0x00, 0x00, 0x00, 0x00, 0x4f, 0xff, 0x70, 0x00, 0x00, 0x00, 0x00, 0x00, 0x00, 0x00,
    0x00, 0x00, 0xbf, 0xfe, 0x10, 0x00, 0x0b, 0xf8, 0x00, 0x00, 0xbf, 0xfe, 0x10, 0x00, 0x00, 0x00,
    0x00, 0x00, 0x00, 0x00, 0x00, 0x00, 0xff, 0xf9, 0x00, 0x00, 0x6f, 0xff, 0x10, 0x00, 0xff, 0xf9,
    0x00, 0x00, 0x00, 0x00, 0x00, 0x00, 0x00, 0x00, 0x00, 0x00, 0xaf, 0xe2, 0x00, 0x00, 0xcf, 0xfd,
    0x00, 0x00, 0xaf, 0xe2, 0x00, 0x00, 0x00, 0x00, 0x00, 0x00, 0x00, 0x00, 0x00, 0x00, 0x03, 0x10,
    0x00, 0x04, 0xff, 0xf7, 0x00, 0x00, 0x03, 0x10, 0x00, 0x00, 0x00, 0x00, 0x00, 0x00, 0x00, 0x00,
    0x00, 0x00, 0x00, 0x00, 0x00, 0x0b, 0xff, 0xe1, 0x00, 0x00, 0x00, 0x00, 0x00, 0x00, 0x00, 0x00,
    0x00, 0x00, 0x00, 0x00, 0x00, 0x00, 0x00, 0x00, 0x00, 0x0f, 0xff, 0x90, 0x00, 0x00, 0x00, 0x00,
    0x00, 0x00, 0x00, 0x00, 0x00, 0x00, 0x00, 0x00, 0x00, 0x00, 0x00, 0x00, 0x00, 0x0a, 0xfe, 0x20,
    0x00, 0x00, 0x00, 0x00, 0x00, 0x00, 0x00, 0x00, 0x00, 0x00, 0x00, 0x00, 0x00, 0x00, 0x00, 0x00,
    0x00, 0x00, 0x31, 0x00, 0x00, 0x00, 0x00, 0x00, 0x00, 0x00, 0x00, 0x00, 0x00, 0x00, 0x00, 0x00,
    0x00, 0x00, 0x00, 0x00, 0x00, 0x47, 0xad, 0xef, 0xfe, 0xda, 0x73, 0x00, 0x00, 0x00, 0x00, 0x00,
    0x00, 0x00, 0x00, 0x00, 0x00, 0x00, 0x00, 0x02, 0x8e, 0xff, 0xff, 0xff, 0xff, 0xff, 0xff, 0xe8,
    0x20, 0x00, 0x00, 0x00, 0x00, 0x00, 0x00, 0x00, 0x00, 0x00, 0x01, 0x9f, 0xff, 0xff, 0xff, 0xff,
    0xff, 0xff, 0xff, 0xff, 0xf9, 0x10, 0x00, 0x00, 0x00, 0x00, 0x00, 0x00, 0x00, 0x00, 0x5e, 0xff,
    0xff, 0xff, 0xff, 0xff, 0xff, 0xff, 0xff, 0xff, 0xff, 0xe5, 0x00, 0x00, 0x00, 0x00, 0x00, 0x00,
    0x00, 0x09, 0xff, 0xff, 0xff, 0xea, 0x63, 0x10, 0x01, 0x36, 0xae, 0xff, 0xff, 0xff, 0x90, 0x00,
    0x00, 0x00, 0x00, 0x00, 0x01, 0xbf, 0xff, 0xff, 0xd6, 0x00, 0x00, 0x00, 0x00, 0x00, 0x00, 0x6d,
    0xff, 0xff, 0xfb, 0x10, 0x00, 0x00, 0x00, 0x00, 0x0b, 0xff, 0xff, 0xe7, 0x00, 0x00, 0x00, 0x00,
    0x00, 0x00, 0x00, 0x00, 0x7e, 0xff, 0xff, 0xb0, 0x00, 0x00, 0x00, 0x00, 0x9f, 0xff, 0xfd, 0x30,
    0x00, 0x00, 0x00, 0x00, 0x00, 0x00, 0x00, 0x00, 0x03, 0xdf, 0xff, 0xf9, 0x00, 0x00, 0x00, 0x05,
    0xff, 0xff, 0xc1, 0x00, 0x00, 0x00, 0x00, 0xcf, 0xfc, 0x00, 0x00, 0x00, 0x00, 0x1c, 0xff, 0xff,
    0x50, 0x00, 0x00, 0x1e, 0xff, 0xfd, 0x10, 0x00, 0x00, 0x00, 0x00, 0xff, 0xff, 0x00, 0x00, 0x00,
    0x00, 0x01, 0xdf, 0xff, 0xe1, 0x00, 0x00, 0x9f, 0xff, 0xe3, 0x00, 0x00, 0x00, 0x00, 0x00, 0xff,
    0xff, 0x00, 0x00, 0x00, 0x00, 0x00, 0x3e, 0xff, 0xf9, 0x00, 0x02, 0xff, 0xff, 0x70, 0x00, 0x00,
    0x00, 0x00, 0x00, 0xff, 0xff, 0x00, 0x00, 0x00, 0x00, 0x00, 0x07, 0xff, 0xff, 0x20, 0x08, 0xff,
    0xfd, 0x00, 0x00, 0x00, 0x00, 0x00, 0x00, 0xff, 0xff, 0x00, 0x00, 0x00, 0x00, 0x00, 0x00, 0xdf,
    0xff, 0x80, 0x0e, 0xff, 0xf6, 0x00, 0x00, 0x00, 0x00, 0x00, 0x00, 0xff, 0xff, 0x00, 0x00, 0x00,
    0x00, 0x00, 0x00, 0x6f, 0xff, 0xe0, 0x3f, 0xff, 0xe1, 0x00, 0x00, 0x00, 0x00, 0x00, 0x00, 0xff,
    0xff, 0x00, 0x00, 0x00, 0x00, 0x00, 0x00, 0x1e, 0xff, 0xf3, 0x7f, 0xff, 0xa0, 0x00, 0x00, 0x00,
    0x00, 0x00, 0x00, 0xff, 0xff, 0x00, 0x00, 0x00, 0x00, 0x00, 0x00, 0x0a, 0xff, 0xf7, 0xaf, 0xff,
    0x60, 0x00, 0x00, 0x00, 0x00, 0x00, 0x00, 0xff, 0xff, 0x00, 0x00, 0x00, 0x00, 0x00, 0x00, 0x06,
    0xff, 0xfa, 0xdf, 0xff, 0x30, 0x00, 0x00, 0x00, 0x00, 0x00, 0x00, 0xff, 0xff, 0x00, 0x00, 0x00,
    0x00, 0x00, 0x00, 0x03, 0xff, 0xfd, 0xef, 0xff, 0x10, 0x00, 0x00, 0x00, 0x00, 0x00, 0x00, 0xff,
    0xff, 0x00, 0x00, 0x00, 0x00, 0x00, 0x00, 0x01, 0xff, 0xfe, 0xff, 0xff, 0x00, 0x00, 0x00, 0x00,
    0x00, 0x00, 0x00, 0xff, 0xff, 0x50, 0x00, 0x00, 0x00, 0x00, 0x00, 0x00, 0xff, 0xff, 0xff, 0xff,
    0x00, 0x00, 0x00, 0x00, 0x00, 0x00, 0x00, 0xef, 0xff, 0xf5, 0x00, 0x00, 0x00, 0x00, 0x00, 0x00,
    0xff, 0xff, 0xef, 0xff, 0x10, 0x00, 0x00, 0x00, 0x00, 0x00, 0x00, 0x5f, 0xff, 0xff, 0x50, 0x00,
    0x00, 0x00, 0x00, 0x01, 0xff, 0xfe, 0xdf, 0xff, 0x30, 0x00, 0x00, 0x00, 0x00, 0x00, 0x00, 0x05,
    0xff, 0xff, 0xf5, 0x00, 0x00, 0x00, 0x00, 0x03, 0xff, 0xfd, 0xaf, 0xff, 0x60, 0x00, 0x00, 0x00,
    0x00, 0x00, 0x00, 0x00, 0x5f, 0xff, 0xff, 0x50, 0x00, 0x00, 0x00, 0x06, 0xff, 0xfa, 0x7f, 0xff,
    0xa0, 0x00, 0x00, 0x00, 0x00, 0x00, 0x00, 0x00, 0x05, 0xff, 0xff, 0xf5, 0x00, 0x00, 0x00, 0x0a,
    0xff, 0xf7, 0x3f, 0xff, 0xe1, 0x00, 0x00, 0x00, 0x00, 0x00, 0x00, 0x00, 0x00, 0x5f, 0xff, 0xfe,
    0x00, 0x00, 0x00, 0x1e, 0xff, 0xf3, 0x0e, 0xff, 0xf6, 0x00, 0x00, 0x00, 0x00, 0x00, 0x00, 0x00,
    0x00, 0x05, 0xff, 0xf7, 0x00, 0x00, 0x00, 0x6f, 0xff, 0xe0, 0x08, 0xff, 0xfd, 0x00, 0x00, 0x00,
    0x00, 0x00, 0x00, 0x00, 0x00, 0x00, 0x5e, 0x70, 0x00, 0x00, 0x00, 0xdf, 0xff, 0x80, 0x02, 0xff,
    0xff, 0x70, 0x00, 0x00, 0x00, 0x00, 0x00, 0x00, 0x00, 0x00, 0x00, 0x00, 0x00, 0x00, 0x07, 0xff,
    0xff, 0x20, 0x00, 0x9f, 0xff, 0xe3, 0x00, 0x00, 0x00, 0x00, 0x00, 0x00, 0x00, 0x00, 0x00, 0x00,
    0x00, 0x00, 0x3e, 0xff, 0xf9, 0x00, 0x00, 0x1e, 0xff, 0xfd, 0x10, 0x00, 0x00, 0x00, 0x00, 0x00,
    0x00, 0x00, 0x00, 0x00, 0x00, 0x01, 0xdf, 0xff, 0xe1, 0x00, 0x00, 0x05, 0xff, 0xff, 0xc1, 0x00,
    0x00, 0x00, 0x00, 0x00, 0x00, 0x00, 0x00, 0x00, 0x00, 0x1c, 0xff, 0xff, 0x50, 0x00, 0x00, 0x00,
    0x9f, 0xff, 0xfd, 0x30, 0x00, 0x00, 0x00, 0x00, 0x00, 0x00, 0x00, 0x00, 0x03, 0xdf, 0xff, 0xf9,
    0x00, 0x00, 0x00, 0x00, 0x0b, 0xff, 0xff, 0xe7, 0x00, 0x00, 0x00, 0x00, 0x00, 0x00, 0x00, 0x00,
    0x7e, 0xff, 0xff, 0xb0, 0x00, 0x00, 0x00, 0x00, 0x01, 0xbf, 0xff, 0xff, 0xd6, 0x00, 0x00, 0x00,
    0x00, 0x00, 0x00, 0x6d, 0xff, 0xff, 0xfb, 0x10, 0x00, 0x00, 0x00, 0x00, 0x00, 0x09, 0xff, 0xff,
    0xff, 0xea, 0x63, 0x10, 0x01, 0x36, 0xae, 0xff, 0xff, 0xff, 0x90, 0x00, 0x00, 0x00, 0x00, 0x00,
    0x00, 0x00, 0x5e, 0xff, 0xff, 0xff, 0xff, 0xff, 0xff, 0xff, 0xff, 0xff, 0xff, 0xe5, 0x00, 0x00,
    0x00, 0x00, 0x00, 0x00, 0x00, 0x00, 0x01, 0x9f, 0xff, 0xff, 0xff, 0xff, 0xff, 0xff, 0xff, 0xff,
    0xf9, 0x10, 0x00, 0x00, 0x00, 0x00, 0x00, 0x00, 0x00, 0x00, 0x00, 0x02, 0x8e, 0xff, 0xff, 0xff,
    0xff, 0xff, 0xff, 0xe8, 0x20, 0x00, 0x00, 0x00, 0x00, 0x00, 0x00, 0x00, 0x00, 0x00, 0x00, 0x00,
    0x00, 0x47, 0xad, 0xef, 0xfe, 0xda, 0x73, 0x00, 0x00, 0x00, 0x00, 0x00, 0x00, 0x00, 0x00, 0x00,
    0x00, 0x00, 0x00, 0x00, 0x00, 0x37, 0xad, 0xef, 0xfe, 0xda, 0x73, 0x00, 0x00, 0x00, 0x00, 0x00,
    0x00, 0x00, 0x00, 0x00, 0x00, 0x00, 0x00, 0x02, 0x8e, 0xff, 0xff, 0xff, 0xff, 0xff, 0xff, 0xe8,
    0x20, 0x00, 0x00, 0x00, 0x00, 0x00, 0x00, 0x00, 0x00, 0x00, 0x01, 0x9f, 0xff, 0xff, 0xff, 0xff,
    0xff, 0xff, 0xff, 0xff, 0xf9, 0x10, 0x00, 0x00, 0x00, 0x00, 0x00, 0x00, 0x00, 0x00, 0x5e, 0xff,
    0xff, 0xff, 0xff, 0xff, 0xff, 0xff, 0xff, 0xff, 0xff, 0xe5, 0x00, 0x00, 0x00, 0x00, 0x00, 0x00,
    0x00, 0x09, 0xff, 0xff, 0xff, 0xea, 0x63, 0x10, 0x01, 0x36, 0xae, 0xff, 0xff, 0xff, 0x90, 0x00,
    0x00, 0x00, 0x00, 0x00, 0x01, 0xbf, 0xff, 0xff, 0xd6, 0x00, 0x00, 0x00, 0x00, 0x00, 0x00, 0x6d,
    0xff, 0xff, 0xfb, 0x10, 0x00, 0x00, 0x00, 0x00, 0x0b, 0xff, 0xff, 0xe7, 0x00, 0x00, 0x00, 0x00,
    0x00, 0x00, 0x00, 0x00, 0x7e, 0xff, 0xff, 0xb0, 0x00, 0x00, 0x00, 0x00, 0x9f, 0xff, 0xfd, 0x30,
    0x00, 0x00, 0x00, 0x00, 0x00, 0x00, 0x00, 0x00, 0x03, 0xdf, 0xff, 0xf9, 0x00, 0x00, 0x00, 0x05,
    0xff, 0xff, 0xc1, 0x00, 0x00, 0x02, 0x7b, 0xef, 0xfe, 0xb7, 0x20, 0x00, 0x00, 0x1c, 0xff, 0xff,
    0x50, 0x00, 0x00, 0x1e, 0xff, 0xfd, 0x10, 0x00, 0x02, 0xaf, 0xff, 0xff, 0xff, 0xff, 0xfa, 0x20,
    0x00, 0x01, 0xdf, 0xff, 0xe1, 0x00, 0x00, 0x9f, 0xff, 0xe3, 0x00, 0x00, 0x5e, 0xff, 0xff, 0xff,
    0xff, 0xff, 0xff, 0xe5, 0x00, 0x00, 0x3e, 0xff, 0xf9, 0x00, 0x02, 0xff, 0xff, 0x70, 0x00, 0x07,
    0xff, 0xff, 0xff, 0xff, 0xff, 0xff, 0xff, 0xff, 0x70, 0x00, 0x07, 0xff, 0xff, 0x20, 0x08, 0xff,
    0xfd, 0x00, 0x00, 0x5f, 0xff, 0xff, 0xc6, 0x20, 0x02, 0x6c, 0xff, 0xff, 0xf5, 0x00, 0x00, 0xdf,
    0xff, 0x80, 0x0e, 0xff, 0xf6, 0x00, 0x02, 0xef, 0xff, 0xe6, 0x00, 0x00, 0x00, 0x00, 0x6e, 0xff,
    0xfe, 0x20, 0x00, 0x6f, 0xff, 0xe0, 0x3f, 0xff, 0xe1, 0x00, 0x0a, 0xff, 0xfe, 0x40, 0x00, 0x00,
    0x00, 0x00, 0x04, 0xef, 0xff, 0xa0, 0x00, 0x1e, 0xff, 0xf3, 0x7f, 0xff, 0xa0, 0x00, 0x2f, 0xff,
    0xf6, 0x00, 0x00, 0x00, 0x00, 0x00, 0x00, 0x6f, 0xff, 0xf2, 0x00, 0x0a, 0xff, 0xf7, 0xaf, 0xff,
    0x60, 0x00, 0x7f, 0xff, 0xc0, 0x00, 0x00, 0x00, 0x00, 0x00, 0x00, 0x0c, 0xff, 0xf7, 0x00, 0x06,
    0xff, 0xfa, 0xdf, 0xff, 0x30, 0x00, 0xbf, 0xff, 0x60, 0x00, 0x00, 0x00, 0x00, 0x00, 0x00, 0x06,
    0xff, 0xfb, 0x00, 0x03, 0xff, 0xfd, 0xef, 0xff, 0x10, 0x00, 0xef, 0xff, 0x20, 0x00, 0x00, 0x00,
    0x00, 0x00, 0x00, 0x02, 0xff, 0xfe, 0x00, 0x01, 0xff, 0xfe, 0xff, 0xff, 0x00, 0x00, 0xff, 0xff,
    0x00, 0x00, 0x00, 0x00, 0x00, 0x00, 0x00, 0x00, 0xff, 0xff, 0x00, 0x00, 0xff, 0xff, 0xff, 0xff,
    0x00, 0x00, 0xff, 0xff, 0x00, 0x00, 0x00, 0x00, 0x00, 0x00, 0x00, 0x00, 0xff, 0xff, 0x00, 0x00,
    0xff, 0xff, 0xef, 0xff, 0x10, 0x00, 0xef, 0xff, 0x20, 0x00, 0x00, 0x00, 0x00, 0x00, 0x00, 0x02,
    0xff, 0xfe, 0x00, 0x01, 0xff, 0xfe, 0xdf, 0xff, 0x30, 0x00, 0xbf, 0xff, 0x60, 0x00, 0x00, 0x00,
    0x00, 0x00, 0x00, 0x06, 0xff, 0xfb, 0x00, 0x03, 0xff, 0xfd, 0xaf, 0xff, 0x60, 0x00, 0x7f, 0xff,
    0xc0, 0x00, 0x00, 0x00, 0x00, 0x00, 0x00, 0x0c, 0xff, 0xf7, 0x00, 0x06, 0xff, 0xfa, 0x7f, 0xff,
    0xa0, 0x00, 0x2f, 0xff, 0xf6, 0x00, 0x00, 0x00, 0x00, 0x00, 0x00, 0x6f, 0xff, 0xf2, 0x00, 0x0a,
    0xff, 0xf7, 0x3f, 0xff, 0xe1, 0x00, 0x0a, 0xff, 0xfe, 0x40, 0x00, 0x00, 0x00, 0x00, 0x04, 0xef,
    0xff, 0xa0, 0x00, 0x1e, 0xff, 0xf3, 0x0e, 0xff, 0xf6, 0x00, 0x02, 0xef, 0xff, 0xe6, 0x00, 0x00,
    0x00, 0x00, 0x6e, 0xff, 0xfe, 0x20, 0x00, 0x6f, 0xff, 0xe0, 0x08, 0xff, 0xfd, 0x00, 0x00, 0x5f,
    0xff, 0xff, 0xc6, 0x20, 0x02, 0x6c, 0xff, 0xff, 0xf5, 0x00, 0x00, 0xdf, 0xff, 0x80, 0x02, 0xff,
    0xff, 0x70, 0x00, 0x07, 0xff, 0xff, 0xff, 0xff, 0xff, 0xff, 0xff, 0xff, 0x70, 0x00, 0x07, 0xff,
    0xff, 0x20, 0x00, 0x9f, 0xff, 0xe3, 0x00, 0x00, 0x5e, 0xff, 0xff, 0xff, 0xff, 0xff, 0xff, 0xe5,
    0x00, 0x00, 0x3e, 0xff, 0xf9, 0x00, 0x00, 0x1e, 0xff, 0xfd, 0x10, 0x00, 0x02, 0xaf, 0xff, 0xff,
    0xff, 0xff, 0xfa, 0x20, 0x00, 0x01, 0xdf, 0xff, 0xe1, 0x00, 0x00, 0x05, 0xff, 0xff, 0xc1, 0x00,
    0x00, 0x02, 0x7b, 0xef, 0xfe, 0xb7, 0x20, 0x00, 0x00, 0x1c, 0xff, 0xff, 0x50, 0x00, 0x00, 0x00,
    0x9f, 0xff, 0xfd, 0x30, 0x00, 0x00, 0x00, 0x00, 0x00, 0x00, 0x00, 0x00, 0x03, 0xdf, 0xff, 0xf9,
    0x00, 0x00, 0x00, 0x00, 0x0b, 0xff, 0xff, 0xe7, 0x00, 0x00, 0x00, 0x00, 0x00, 0x00, 0x00, 0x00,
    0x7e, 0xff, 0xff, 0xb0, 0x00, 0x00, 0x00, 0x00, 0x01, 0xbf, 0xff, 0xff, 0xd6, 0x00, 0x00, 0x00,
    0x00, 0x00, 0x00, 0x6d, 0xff, 0xff, 0xfb, 0x10, 0x00, 0x00, 0x00, 0x00, 0x00, 0x09, 0xff, 0xff,
    0xff, 0xea, 0x63, 0x10, 0x01, 0x36, 0xae, 0xff, 0xff, 0xff, 0x90, 0x00, 0x00, 0x00, 0x00, 0x00,
    0x00, 0x00, 0x5e, 0xff, 0xff, 0xff, 0xff, 0xff, 0xff, 0xff, 0xff, 0xff, 0xff, 0xe5, 0x00, 0x00,
    0x00, 0x00, 0x00, 0x00, 0x00, 0x00, 0x01, 0x9f, 0xff, 0xff, 0xff, 0xff, 0xff, 0xff, 0xff, 0xff,
    0xf9, 0x10, 0x00, 0x00, 0x00, 0x00, 0x00, 0x00, 0x00, 0x00, 0x00, 0x02, 0x8e, 0xff, 0xff, 0xff,
    0xff, 0xff, 0xff, 0xe8, 0x20, 0x00, 0x00, 0x00, 0x00, 0x00, 0x00, 0x00, 0x00, 0x00, 0x00, 0x00,
    0x00, 0x37, 0xad, 0xef, 0xfe, 0xda, 0x73, 0x00, 0x00, 0x00, 0x00, 0x00, 0x00, 0x00, 0x09, 0xef,
    0xff, 0xff, 0xff, 0xff, 0xff, 0xff, 0xff, 0xff, 0xff, 0xff, 0xff, 0xff, 0xff, 0xff, 0xfe, 0x90,
    0x9f, 0xff, 0xff, 0xff, 0xff, 0xff, 0xff, 0xff, 0xff, 0xff, 0xff, 0xff, 0xff, 0xff, 0xff, 0xff,
    0xff, 0xf9, 0xef, 0xff, 0xff, 0xff, 0xff, 0xff, 0xff, 0xff, 0xff, 0xff, 0xff, 0xff, 0xff, 0xff,
    0xff, 0xff, 0xff, 0xfe, 0xff, 0xff, 0xff, 0xff, 0xff, 0xff, 0xff, 0xff, 0xff, 0xff, 0xff, 0xff,
    0xff, 0xff, 0xff, 0xff, 0xff, 0xff, 0xff, 0xff, 0x00, 0x00, 0x00, 0x00, 0x00, 0x00, 0x00, 0x00,
    0x00, 0x00, 0x00, 0x00, 0x00, 0x00, 0xff, 0xff, 0xff, 0xff, 0x00, 0x00, 0x00, 0x00, 0x00, 0x00,
    0x00, 0x00, 0x00, 0x00, 0x00, 0x00, 0x00, 0x00, 0xff, 0xff, 0xff, 0xff, 0x00, 0x00, 0x00, 0x00,
    0x00, 0x00, 0x00, 0x00, 0x00, 0x00, 0x00, 0x00, 0x00, 0x00, 0xff, 0xff, 0xff, 0xff, 0x00, 0x00,
    0x00, 0x00, 0x00, 0x00, 0x00, 0x00, 0x00, 0x00, 0x00, 0x00, 0x00, 0x00, 0xff, 0xff, 0xff, 0xff,
    0x00, 0x00, 0x00, 0x00, 0x00, 0x00, 0x00, 0x00, 0x00, 0x00, 0x00, 0x00, 0x00, 0x00, 0xff, 0xff,
    0xff, 0xff, 0x00, 0x00, 0x00, 0x00, 0x00, 0x00, 0x00, 0x00, 0x00, 0x00, 0x00, 0x00, 0x00, 0x00,
    0xff, 0xff, 0xff, 0xff, 0xff, 0xff, 0xff, 0xff, 0xff, 0xff, 0xff, 0xff, 0xff, 0xff, 0xff, 0xff,
    0xff, 0xff, 0xff, 0xff, 0xff, 0xff, 0xff, 0xff, 0xff, 0xff, 0xff, 0xff, 0xff, 0xff, 0xff, 0xff,
    0xff, 0xff, 0xff, 0xff, 0xff, 0xff, 0xff, 0xff, 0xff, 0xff, 0xff, 0xff, 0xff, 0xff, 0xff, 0xff,
    0xff, 0xff, 0xff, 0xff, 0xff, 0xff, 0xff, 0xff, 0xff, 0xff, 0xff, 0xff, 0xff, 0xff, 0xff, 0xff,
    0xff, 0xff, 0xff, 0xff, 0xff, 0xff, 0xff, 0xff, 0xff, 0xff, 0xff, 0xff, 0x00, 0x00, 0x00, 0x00,
    0x00, 0x00, 0x00, 0x00, 0x00, 0x00, 0x00, 0x00, 0x00, 0x00, 0xff, 0xff, 0xff, 0xff, 0x00, 0x00,
    0x00, 0x00, 0x00, 0x00, 0x00, 0x00, 0x00, 0x00, 0x00, 0x00, 0x00, 0x00, 0xff, 0xff, 0xff, 0xff,
    0x00, 0x00, 0x00, 0x00, 0x00, 0x00, 0x00, 0x00, 0x00, 0x00, 0x00, 0x00, 0x00, 0x00, 0xff, 0xff,
    0xff, 0xff, 0x00, 0x00, 0x00, 0x00, 0x00, 0x00, 0x00, 0x00, 0x00, 0x00, 0x00, 0x00, 0x00, 0x00,
    0xff, 0xff, 0xff, 0xff, 0x00, 0x00, 0x00, 0x00, 0x00, 0x00, 0x00, 0x00, 0x00, 0x00, 0x00, 0x00,
    0x00, 0x00, 0xff, 0xff, 0xff, 0xff, 0x00, 0x00, 0x00, 0x00, 0x00, 0x00, 0x00, 0x00, 0x00, 0x00,
    0x00, 0x00, 0x00, 0x00, 0xff, 0xff, 0xff, 0xff, 0x00, 0x00, 0x00, 0x00, 0x00, 0x00, 0x00, 0x00,
    0x00, 0x00, 0x00, 0x00, 0x00, 0x00, 0xff, 0xff, 0xff, 0xff, 0x00, 0x00, 0x00, 0x00, 0x00, 0x00,
    0x00, 0x00, 0x00, 0x00, 0x00, 0x00, 0x00, 0x00, 0xff, 0xff, 0xff, 0xff, 0xff, 0xff, 0xff, 0xff,
    0xff, 0xff, 0xff, 0xff, 0xff, 0xff, 0xff, 0xff, 0xff, 0xff, 0xff, 0xff, 0xff, 0xff, 0xff, 0xff,
    0xff, 0xff, 0xff, 0xff, 0xff, 0xff, 0xff, 0xff, 0xff, 0xff, 0xff, 0xff, 0xff, 0xff, 0xff, 0xff,
    0xff, 0xff, 0xff, 0xff, 0xff, 0xff, 0xff, 0xff, 0xff, 0xff, 0xff, 0xff, 0xff, 0xff, 0xff, 0xff,
    0xff, 0xff, 0xff, 0xff, 0xff, 0xff, 0xff, 0xff, 0xff, 0xff, 0xff, 0xff, 0xff, 0xff, 0xff, 0xff,
    0xff, 0xff, 0xff, 0xff, 0x00, 0x00, 0x00, 0x00, 0x00, 0x00, 0x00, 0x00, 0x00, 0x00, 0x00, 0x00,
    0x00, 0x00, 0xff, 0xff, 0xff, 0xff, 0x00, 0x00, 0x00, 0x00, 0x00, 0x00, 0x00, 0x00, 0x00, 0x00,
    0x00, 0x00, 0x00, 0x00, 0xff, 0xff, 0xff, 0xff, 0x00, 0x00, 0x00, 0x00, 0x00, 0x00, 0x00, 0x00,
    0x00, 0x00, 0x00, 0x00, 0x00, 0x00, 0xff, 0xff, 0xff, 0xff, 0x00, 0x00, 0x00, 0x00, 0x00, 0x00,
    0x00, 0x00, 0x00, 0x00, 0x00, 0x00, 0x00, 0x00, 0xff, 0xff, 0xff, 0xff, 0x00, 0x00, 0x00, 0x00,
    0x00, 0x00, 0x00, 0x00, 0x00, 0x00, 0x00, 0x00, 0x00, 0x00, 0xff, 0xff, 0xff, 0xff, 0x00, 0x00,
    0x00, 0x00, 0x00, 0x00, 0x00, 0x00, 0x00, 0x00, 0x00, 0x00, 0x00, 0x00, 0xff, 0xff, 0xff, 0xff,
    0xff, 0xff, 0xff, 0xff, 0xff, 0xff, 0xff, 0xff, 0xff, 0xff, 0xff, 0xff, 0xff, 0xff, 0xff, 0xff,
    0xef, 0xff, 0xff, 0xff, 0xff, 0xff, 0xff, 0xff, 0xff, 0xff, 0xff, 0xff, 0xff, 0xff, 0xff, 0xff,
    0xff, 0xfe, 0x9f, 0xff, 0xff, 0xff, 0xff, 0xff, 0xff, 0xff, 0xff, 0xff, 0xff, 0xff, 0xff, 0xff,
    0xff, 0xff, 0xff, 0xf9, 0x09, 0xef, 0xff, 0xff, 0xff, 0xff, 0xff, 0xff, 0xff, 0xff, 0xff, 0xff,
    0xff, 0xff, 0xff, 0xff, 0xfe, 0x90, 0x00, 0x00, 0x00, 0x00, 0x00, 0x00, 0x00, 0x8f, 0xff, 0xff,
    0xff, 0xff, 0xf8, 0x00, 0x00, 0x00, 0x00, 0x00, 0x00, 0x00, 0x00, 0x00, 0x00, 0x00, 0x00, 0x00,
    0x00, 0xaf, 0xff, 0xff, 0xff, 0xff, 0xfa, 0x00, 0x00, 0x00, 0x00, 0x00, 0x00, 0x00, 0x00, 0x00,
    0x00, 0x00, 0x00, 0x00, 0x00, 0xcf, 0xff, 0xff, 0xff, 0xff, 0xfc, 0x00, 0x00, 0x00, 0x00, 0x00,
    0x00, 0x00, 0x00, 0x00, 0x00, 0x00, 0x00, 0x00, 0x00, 0xef, 0xff, 0xff, 0xff, 0xff, 0xfe, 0x00,
    0x00, 0x00, 0x00, 0x00, 0x00, 0x00, 0x00, 0x00, 0x00, 0x00, 0x00, 0x00, 0x01, 0xff, 0xff, 0x00,
    0x00, 0xef, 0xff, 0x10, 0x00, 0x00, 0x00, 0x00, 0x00, 0x00, 0x00, 0x00, 0x08, 0x40, 0x00, 0x00,
    0x03, 0xff, 0xfd, 0x00, 0x00, 0xcf, 0xff, 0x30, 0x00, 0x00, 0x04, 0x80, 0x00, 0x00, 0x00, 0x00,
    0x5f, 0xfd, 0x71, 0x00, 0x19, 0xff, 0xfb, 0x00, 0x00, 0xaf, 0xff, 0x91, 0x00, 0x17, 0xdf, 0xf5,
    0x00, 0x00, 0x00, 0x00, 0xdf, 0xff, 0xfe, 0x96, 0xef, 0xff, 0xf9, 0x00, 0x00, 0x9f, 0xff, 0xfe,
    0x69, 0xef, 0xff, 0xfd, 0x00, 0x00, 0x00, 0x07, 0xff, 0xff, 0xff, 0xff, 0xff, 0xff, 0xf7, 0x00,
    0x00, 0x7f, 0xff, 0xff, 0xff, 0xff, 0xff, 0xff, 0x70, 0x00, 0x00, 0x2e, 0xff, 0xff, 0xff, 0xff,
    0xff, 0xfe, 0x82, 0x00, 0x00, 0x28, 0xef, 0xff, 0xff, 0xff, 0xff, 0xff, 0xe2, 0x00, 0x00, 0xaf,
    0xff, 0xe7, 0xdf, 0xff, 0xfe, 0x71, 0x00, 0x00, 0x00, 0x00, 0x17, 0xef, 0xff, 0xfd, 0x7e, 0xff,
    0xfa, 0x00, 0x03, 0xff, 0xff, 0x60, 0x05, 0xbf, 0xd2, 0x00, 0x00, 0x00, 0x00, 0x00, 0x00, 0x3d,
    0xfb, 0x50, 0x06, 0xff, 0xff, 0x30, 0x0c, 0xff, 0xfc, 0x00, 0x00, 0x02, 0x10, 0x00, 0x00, 0x00,
    0x00, 0x00, 0x00, 0x02, 0x20, 0x00, 0x00, 0xcf, 0xff, 0xc0, 0x6f, 0xff, 0xf5, 0x00, 0x00, 0x00,
    0x00, 0x00, 0x18, 0xcf, 0xfc, 0x81, 0x00, 0x00, 0x00, 0x00, 0x00, 0x5f, 0xff, 0xf6, 0xdf, 0xff,
    0xfe, 0x40, 0x00, 0x00, 0x00, 0x05, 0xef, 0xff, 0xff, 0xfe, 0x50, 0x00, 0x00, 0x00, 0x04, 0xef,
    0xff, 0xfd, 0x3d, 0xff, 0xff, 0xf8, 0x00, 0x00, 0x00, 0x5f, 0xff, 0xff, 0xff, 0xff, 0xf5, 0x00,
    0x00, 0x00, 0x8f, 0xff, 0xff, 0xd3, 0x01, 0xbf, 0xff, 0xff, 0xc2, 0x00, 0x01, 0xef, 0xff, 0xff,
    0xff, 0xff, 0xfe, 0x10, 0x00, 0x2b, 0xff, 0xff, 0xfb, 0x10, 0x00, 0x07, 0xff, 0xff, 0xf4, 0x00,
    0x08, 0xff, 0xff, 0x61, 0x16, 0xff, 0xff, 0x80, 0x00, 0x4f, 0xff, 0xff, 0x70, 0x00, 0x00, 0x00,
    0x4f, 0xff, 0xf1, 0x00, 0x0c, 0xff, 0xf6, 0x00, 0x00, 0x6f, 0xff, 0xc0, 0x00, 0x1f, 0xff, 0xf4,
    0x00, 0x00, 0x00, 0x00, 0x0f, 0xff, 0xf0, 0x00, 0x0f, 0xff, 0xf1, 0x00, 0x00, 0x1f, 0xff, 0xf0,
    0x00, 0x0f, 0xff, 0xf0, 0x00, 0x00, 0x00, 0x00, 0x0f, 0xff, 0xf0, 0x00, 0x0f, 0xff, 0xf1, 0x00,
    0x00, 0x1f, 0xff, 0xf0, 0x00, 0x0f, 0xff, 0xf0, 0x00, 0x00, 0x00, 0x00, 0x4f, 0xff, 0xf1, 0x00,
    0x0c, 0xff, 0xf6, 0x00, 0x00, 0x6f, 0xff, 0xc0, 0x00, 0x1f, 0xff, 0xf3, 0x00, 0x00, 0x00, 0x07,
    0xff, 0xff, 0xf4, 0x00, 0x08, 0xff, 0xff, 0x61, 0x16, 0xff, 0xff, 0x80, 0x00, 0x4f, 0xff, 0xff,
    0x60, 0x00, 0x01, 0xbf, 0xff, 0xff, 0xb1, 0x00, 0x01, 0xef, 0xff, 0xff, 0xff, 0xff, 0xfe, 0x10,
    0x00, 0x2b, 0xff, 0xff, 0xfa, 0x10, 0x3d, 0xff, 0xff, 0xf8, 0x00, 0x00, 0x00, 0x5f, 0xff, 0xff,
    0xff, 0xff, 0xf5, 0x00, 0x00, 0x00, 0x8f, 0xff, 0xff, 0xd3, 0xdf, 0xff, 0xfe, 0x40, 0x00, 0x00,
    0x00, 0x05, 0xef, 0xff, 0xff, 0xfe, 0x50, 0x00, 0x00, 0x00, 0x04, 0xef, 0xff, 0xfd, 0x6f, 0xff,
    0xf5, 0x00, 0x00, 0x00, 0x00, 0x00, 0x18, 0xcf, 0xfc, 0x81, 0x00, 0x00, 0x00, 0x00, 0x00, 0x5f,
    0xff, 0xf5, 0x0c, 0xff, 0xfc, 0x00, 0x00, 0x03, 0x10, 0x00, 0x00, 0x00, 0x00, 0x00, 0x00, 0x01,
    0x20, 0x00, 0x00, 0xcf, 0xff, 0xb0, 0x03, 0xff, 0xff, 0x60, 0x05, 0xbf, 0xd3, 0x00, 0x00, 0x00,
    0x00, 0x00, 0x00, 0x2d, 0xfb, 0x40, 0x06, 0xff, 0xff, 0x30, 0x00, 0xaf, 0xff, 0xe7, 0xdf, 0xff,
    0xfe, 0x71, 0x00, 0x00, 0x00, 0x00, 0x17, 0xef, 0xff, 0xfd, 0x7e, 0xff, 0xf9, 0x00, 0x00, 0x2e,
    0xff, 0xff, 0xff, 0xff, 0xff, 0xfe, 0x82, 0x00, 0x00, 0x28, 0xef, 0xff, 0xff, 0xff, 0xff, 0xff,
    0xe1, 0x00, 0x00, 0x07, 0xff, 0xff, 0xff, 0xff, 0xff, 0xff, 0xf7, 0x00, 0x00, 0x7f, 0xff, 0xff,
    0xff, 0xff, 0xff, 0xff, 0x60, 0x00, 0x00, 0x00, 0xdf, 0xff, 0xfe, 0x96, 0xef, 0xff, 0xf9, 0x00,
    0x00, 0x9f, 0xff, 0xfe, 0x69, 0xef, 0xff, 0xfc, 0x00, 0x00, 0x00, 0x00, 0x5f, 0xfd, 0x71, 0x00,
    0x19, 0xff, 0xfa, 0x00, 0x00, 0xbf, 0xff, 0x91, 0x00, 0x17, 0xdf, 0xf4, 0x00, 0x00, 0x00, 0x00,
    0x08, 0x40, 0x00, 0x00, 0x03, 0xff, 0xfc, 0x00, 0x00, 0xdf, 0xff, 0x30, 0x00, 0x00, 0x05, 0x80,
    0x00, 0x00, 0x00, 0x00, 0x00, 0x00, 0x00, 0x00, 0x01, 0xff, 0xfe, 0x00, 0x00, 0xff, 0xff, 0x10,
    0x00, 0x00, 0x00, 0x00, 0x00, 0x00, 0x00, 0x00, 0x00, 0x00, 0x00, 0x00, 0x00, 0xef, 0xff, 0xff,
    0xff, 0xff, 0xfe, 0x00, 0x00, 0x00, 0x00, 0x00, 0x00, 0x00, 0x00, 0x00, 0x00, 0x00, 0x00, 0x00,
    0x00, 0xcf, 0xff, 0xff, 0xff, 0xff, 0xfc, 0x00, 0x00, 0x00, 0x00, 0x00, 0x00, 0x00, 0x00, 0x00,
    0x00, 0x00, 0x00, 0x00, 0x00, 0xaf, 0xff, 0xff, 0xff, 0xff, 0xfa, 0x00, 0x00, 0x00, 0x00, 0x00,
    0x00, 0x00, 0x00, 0x00, 0x00, 0x00, 0x00, 0x00, 0x00, 0x8f, 0xff, 0xff, 0xff, 0xff, 0xf8, 0x00,
    0x00, 0x00, 0x00, 0x00, 0x00, 0x00, 0x00, 0x00, 0x00, 0x00, 0x00, 0x00, 0x00, 0x16, 0x61, 0x00,
    0x00, 0x00, 0x00, 0x00, 0x00, 0x00, 0x00, 0x00, 0x00, 0x00, 0x00, 0x00, 0x03, 0xdf, 0xfd, 0x30,
    0x00, 0x00, 0x00, 0x00, 0x00, 0x00, 0x00, 0x00, 0x00, 0x00, 0x00, 0x00, 0x6e, 0xff, 0xff, 0xe6,
    0x00, 0x00, 0x00, 0x00, 0x00, 0x00, 0x00, 0x00, 0x00, 0x00, 0x00, 0x19, 0xff, 0xff, 0xff, 0xff,
    0x91, 0x00, 0x00, 0x00, 0x00, 0x00, 0x00, 0x00, 0x00, 0x00, 0x03, 0xdf, 0xff, 0xff, 0xff, 0xff,
    0xfc, 0x20, 0x00, 0x00, 0x00, 0x00, 0x00, 0x00, 0x00, 0x00, 0x6e, 0xff, 0xff, 0xe6, 0x6e, 0xff,
    0xff, 0xe6, 0x00, 0x00, 0x00, 0x00, 0x00, 0x00, 0x00, 0x19, 0xff, 0xff, 0xfc, 0x30, 0x02, 0xdf,
    0xff, 0xff, 0x91, 0x00, 0x00, 0x00, 0x00, 0x00, 0x03, 0xdf, 0xff, 0xff, 0x91, 0x00, 0x00, 0x19,
    0xff, 0xff, 0xfc, 0x30, 0x00, 0x00, 0x00, 0x00, 0x6e, 0xff, 0xff, 0xe6, 0x00, 0x00, 0x00, 0x00,
    0x6e, 0xff, 0xff, 0xe6, 0x00, 0x00, 0x00, 0x19, 0xff, 0xff, 0xfc, 0x30, 0x00, 0x00, 0x00, 0x00,
    0x03, 0xcf, 0xff, 0xff, 0x91, 0x00, 0x02, 0xdf, 0xff, 0xff, 0x91, 0x00, 0x00, 0x00, 0x00, 0x00,
    0x00, 0x19, 0xff, 0xff, 0xfc, 0x20, 0x4e, 0xff, 0xff, 0xe6, 0x00, 0x00, 0x00, 0x00, 0x00, 0x00,
    0x00, 0x00, 0x6e, 0xff, 0xff, 0xe4, 0xcf, 0xff, 0xfd, 0x20, 0x00, 0x00, 0x00, 0x00, 0x00, 0x00,
    0x00, 0x00, 0x02, 0xdf, 0xff, 0xfc, 0xff, 0xff, 0x91, 0x00, 0x00, 0x00, 0x00, 0x00, 0x00, 0x00,
    0x00, 0x00, 0x00, 0x19, 0xff, 0xff, 0xff, 0xff, 0x00, 0x00, 0x00, 0x00, 0x00, 0x00, 0x00, 0x00,
    0x00, 0x00, 0x00, 0x00, 0xff, 0xff, 0xff, 0xff, 0x00, 0x00, 0x00, 0x00, 0x00, 0x00, 0x00, 0x00,
    0x00, 0x00, 0x00, 0x00, 0xff, 0xff, 0xff, 0xff, 0x00, 0x00, 0x00, 0x00, 0x00, 0x00, 0x00, 0x00,
    0x00, 0x00, 0x00, 0x00, 0xff, 0xff, 0xff, 0xff, 0x00, 0x00, 0x00, 0x00, 0x00, 0x00, 0x00, 0x00,
    0x00, 0x00, 0x00, 0x00, 0xff, 0xff, 0xff, 0xff, 0x00, 0x00, 0x00, 0x00, 0x00, 0x00, 0x00, 0x00,
    0x00, 0x00, 0x00, 0x00, 0xff, 0xff, 0xff, 0xff, 0x00, 0x00, 0x00, 0x00, 0x00, 0x00, 0x00, 0x00,
    0x00, 0x00, 0x00, 0x00, 0xff, 0xff, 0xff, 0xff, 0x00, 0x00, 0x00, 0xff, 0xff, 0xff, 0xff, 0xff,
    0xff, 0x00, 0x00, 0x00, 0xff, 0xff, 0xff, 0xff, 0x00, 0x00, 0x00, 0xff, 0xff, 0xff, 0xff, 0xff,
    0xff, 0x00, 0x00, 0x00, 0xff, 0xff, 0xff, 0xff, 0x00, 0x00, 0x00, 0xff, 0xff, 0xff, 0xff, 0xff,
    0xff, 0x00, 0x00, 0x00, 0xff, 0xff, 0xff, 0xff, 0x00, 0x00, 0x00, 0xff, 0xff, 0xff, 0xff, 0xff,
    0xff, 0x00, 0x00, 0x00, 0xff, 0xff, 0xff, 0xff, 0x00, 0x00, 0x00, 0xff, 0xff, 0x00, 0x00, 0xff,
    0xff, 0x00, 0x00, 0x00, 0xff, 0xff, 0xff, 0xff, 0x00, 0x00, 0x00, 0xff, 0xff, 0x00, 0x00, 0xff,
    0xff, 0x00, 0x00, 0x00, 0xff, 0xff, 0xff, 0xff, 0x00, 0x00, 0x00, 0xff, 0xff, 0x00, 0x00, 0xff,
    0xff, 0x00, 0x00, 0x00, 0xff, 0xff, 0xff, 0xff, 0x00, 0x00, 0x00, 0xff, 0xff, 0x00, 0x00, 0xff,
    0xff, 0x00, 0x00, 0x00, 0xff, 0xff, 0xff, 0xff, 0x00, 0x00, 0x00, 0xff, 0xff, 0x00, 0x00, 0xff,
    0xff, 0x00, 0x00, 0x00, 0xff, 0xff, 0xff, 0xff, 0x00, 0x00, 0x00, 0xff, 0xff, 0x00, 0x00, 0xff,
    0xff, 0x00, 0x00, 0x00, 0xff, 0xff, 0xff, 0xff, 0x00, 0x00, 0x00, 0xff, 0xff, 0x00, 0x00, 0xff,
    0xff, 0x00, 0x00, 0x00, 0xff, 0xff, 0xff, 0xff, 0x00, 0x00, 0x00, 0xff, 0xff, 0x00, 0x00, 0xff,
    0xff, 0x00, 0x00, 0x00, 0xff, 0xff, 0xff, 0xff, 0xff, 0xff, 0xff, 0xff, 0xff, 0x00, 0x00, 0xff,
    0xff, 0xff, 0xff, 0xff, 0xff, 0xff, 0xff, 0xff, 0xff, 0xff, 0xff, 0xff, 0xff, 0x00, 0x00, 0xff,
    0xff, 0xff, 0xff, 0xff, 0xff, 0xff, 0xdf, 0xff, 0xff, 0xff, 0xff, 0xff, 0xfd, 0x00, 0x00, 0xdf,
    0xff, 0xff, 0xff, 0xff, 0xff, 0xfd, 0x5d, 0xff, 0xff, 0xff, 0xff, 0xff, 0xd5, 0x00, 0x00, 0x5d,
    0xff, 0xff, 0xff, 0xff, 0xff, 0xd5, 0x00, 0x00, 0x00, 0x00, 0x00, 0x08, 0x80, 0x00, 0x00, 0x00,
    0x00, 0x00, 0x08, 0xff, 0x80, 0x00, 0x00, 0x00, 0x00, 0x08, 0xff, 0xff, 0x70, 0x00, 0x00, 0x00,
    0x08, 0xff, 0xff, 0xe3, 0x00, 0x00, 0x00, 0x08, 0xff, 0xff, 0xe3, 0x00, 0x00, 0x00, 0x08, 0xff,
    0xff, 0xe3, 0x00, 0x00, 0x00, 0x08, 0xff, 0xff, 0xe3, 0x00, 0x00, 0x00, 0x08, 0xff, 0xff, 0xe3,
    0x00, 0x00, 0x00, 0x08, 0xff, 0xff, 0xe3, 0x00, 0x00, 0x00, 0x08, 0xff, 0xff, 0xe3, 0x00, 0x00,
    0x00, 0x08, 0xff, 0xff, 0xe3, 0x00, 0x00, 0x00, 0x08, 0xff, 0xff, 0xe3, 0x00, 0x00, 0x00, 0x00,
    0x8f, 0xff, 0xfe, 0x30, 0x00, 0x00, 0x00, 0x00, 0x8f, 0xff, 0xfe, 0x30, 0x00, 0x00, 0x00, 0x00,
    0x8f, 0xff, 0xfe, 0x30, 0x00, 0x00, 0x00, 0x00, 0x8f, 0xff, 0xfe, 0x30, 0x00, 0x00, 0x00, 0x00,
    0x8f, 0xff, 0xfe, 0x30, 0x00, 0x00, 0x00, 0x00, 0x8f, 0xff, 0xfe, 0x30, 0x00, 0x00, 0x00, 0x00,
    0x8f, 0xff, 0xfe, 0x30, 0x00, 0x00, 0x00, 0x00, 0x8f, 0xff, 0xfe, 0x30, 0x00, 0x00, 0x00, 0x00,
    0x8f, 0xff, 0xfe, 0x30, 0x00, 0x00, 0x00, 0x00, 0x8f, 0xff, 0xf7, 0x00, 0x00, 0x00, 0x00, 0x00,
    0x8f, 0xf8, 0x00, 0x00, 0x00, 0x00, 0x00, 0x00, 0x88, 0x00, 0x00, 0x88, 0x00, 0x00, 0x00, 0x00,
    0x00, 0x00, 0x8f, 0xf8, 0x00, 0x00, 0x00, 0x00, 0x00, 0x7f, 0xff, 0xf8, 0x00, 0x00, 0x00, 0x00,
    0x03, 0xef, 0xff, 0xf8, 0x00, 0x00, 0x00, 0x00, 0x03, 0xef, 0xff, 0xf8, 0x00, 0x00, 0x00, 0x00,
    0x03, 0xef, 0xff, 0xf8, 0x00, 0x00, 0x00, 0x00, 0x03, 0xef, 0xff, 0xf8, 0x00, 0x00, 0x00, 0x00,
    0x03, 0xef, 0xff, 0xf8, 0x00, 0x00, 0x00, 0x00, 0x03, 0xef, 0xff, 0xf8, 0x00, 0x00, 0x00, 0x00,
    0x03, 0xef, 0xff, 0xf8, 0x00, 0x00, 0x00, 0x00, 0x03, 0xef, 0xff, 0xf8, 0x00, 0x00, 0x00, 0x00,
    0x03, 0xef, 0xff, 0xf8, 0x00, 0x00, 0x00, 0x00, 0x3e, 0xff, 0xff, 0x80, 0x00, 0x00, 0x00, 0x3e,
    0xff, 0xff, 0x80, 0x00, 0x00, 0x00, 0x3e, 0xff, 0xff, 0x80, 0x00, 0x00, 0x00, 0x3e, 0xff, 0xff,
    0x80, 0x00, 0x00, 0x00, 0x3e, 0xff, 0xff, 0x80, 0x00, 0x00, 0x00, 0x3e, 0xff, 0xff, 0x80, 0x00,
    0x00, 0x00, 0x3e, 0xff, 0xff, 0x80, 0x00, 0x00, 0x00, 0x3e, 0xff, 0xff, 0x80, 0x00, 0x00, 0x00,
    0x3e, 0xff, 0xff, 0x80, 0x00, 0x00, 0x00, 0x07, 0xff, 0xff, 0x80, 0x00, 0x00, 0x00, 0x00, 0x08,
    0xff, 0x80, 0x00, 0x00, 0x00, 0x00, 0x00, 0x08, 0x80, 0x00, 0x00, 0x00, 0x00, 0x00, 0x00, 0xa5,
    0x00, 0x00, 0x00, 0x00, 0x00, 0x00, 0x00, 0x00, 0x00, 0x00, 0x5a, 0x00, 0x0a, 0xff, 0x50, 0x00,
    0x00, 0x00, 0x00, 0x00, 0x00, 0x00, 0x00, 0x05, 0xff, 0xa0, 0xaf, 0xff, 0xf5, 0x00, 0x00, 0x00,
    0x00, 0x00, 0x00, 0x00, 0x00, 0x5f, 0xff, 0xfa, 0x5f, 0xff, 0xff, 0x50, 0x00, 0x00, 0x00, 0x00,
    0x00, 0x00, 0x05, 0xff, 0xff, 0xf5, 0x05, 0xff, 0xff, 0xf5, 0x00, 0x00, 0x00, 0x00, 0x00, 0x00,
    0x5f, 0xff, 0xff, 0x50, 0x00, 0x5f, 0xff, 0xff, 0x50, 0x00, 0x00, 0x00, 0x00, 0x05, 0xff, 0xff,
    0xf5, 0x00, 0x00, 0x05, 0xff, 0xff, 0xf5, 0x00, 0x00, 0x00, 0x00, 0x5f, 0xff, 0xff, 0x50, 0x00,
    0x00, 0x00, 0x5f, 0xff, 0xff, 0x50, 0x00, 0x00, 0x05, 0xff, 0xff, 0xf5, 0x00, 0x00, 0x00, 0x00,
    0x05, 0xff, 0xff, 0xf5, 0x00, 0x00, 0x5f, 0xff, 0xff, 0x50, 0x00, 0x00, 0x00, 0x00, 0x00, 0x5f,
    0xff, 0xff, 0x50, 0x05, 0xff, 0xff, 0xf5, 0x00, 0x00, 0x00, 0x00, 0x00, 0x00, 0x05, 0xff, 0xff,
    0xf5, 0x5f, 0xff, 0xff, 0x50, 0x00, 0x00, 0x00, 0x00, 0x00, 0x00, 0x00, 0x5f, 0xff, 0xff, 0xff,
    0xff, 0xf5, 0x00, 0x00, 0x00, 0x00, 0x00, 0x00, 0x00, 0x00, 0x05, 0xff, 0xff, 0xff, 0xff, 0x50,
    0x00, 0x00, 0x00, 0x00, 0x00, 0x00, 0x00, 0x00, 0x00, 0x5f, 0xff, 0xff, 0xf5, 0x00, 0x00, 0x00,
    0x00, 0x00, 0x00, 0x00, 0x00, 0x00, 0x00, 0x5f, 0xff, 0xff, 0xf5, 0x00, 0x00, 0x00, 0x00, 0x00,
    0x00, 0x00, 0x00, 0x00, 0x05, 0xff, 0xff, 0xff, 0xff, 0x50, 0x00, 0x00, 0x00, 0x00, 0x00, 0x00,
    0x00, 0x00, 0x5f, 0xff, 0xff, 0xff, 0xff, 0xf5, 0x00, 0x00, 0x00, 0x00, 0x00, 0x00, 0x00, 0x05,
    0xff, 0xff, 0xf5, 0x5f, 0xff, 0xff, 0x50, 0x00, 0x00, 0x00, 0x00, 0x00, 0x00, 0x5f, 0xff, 0xff,
    0x50, 0x05, 0xff, 0xff, 0xf5, 0x00, 0x00, 0x00, 0x00, 0x00, 0x05, 0xff, 0xff, 0xf5, 0x00, 0x00,
    0x5f, 0xff, 0xff, 0x50, 0x00, 0x00, 0x00, 0x00, 0x5f, 0xff, 0xff, 0x50, 0x00, 0x00, 0x05, 0xff,
    0xff, 0xf5, 0x00, 0x00, 0x00, 0x05, 0xff, 0xff, 0xf5, 0x00, 0x00, 0x00, 0x00, 0x5f, 0xff, 0xff,
    0x50, 0x00, 0x00, 0x5f, 0xff, 0xff, 0x50, 0x00, 0x00, 0x00, 0x00, 0x05, 0xff, 0xff, 0xf5, 0x00,
    0x05, 0xff, 0xff, 0xf5, 0x00, 0x00, 0x00, 0x00, 0x00, 0x00, 0x5f, 0xff, 0xff, 0x50, 0x5f, 0xff,
    0xff, 0x50, 0x00, 0x00, 0x00, 0x00, 0x00, 0x00, 0x05, 0xff, 0xff, 0xf5, 0xaf, 0xff, 0xf5, 0x00,
    0x00, 0x00, 0x00, 0x00, 0x00, 0x00, 0x00, 0x5f, 0xff, 0xfa, 0x0a, 0xff, 0x50, 0x00, 0x00, 0x00,
    0x00, 0x00, 0x00, 0x00, 0x00, 0x05, 0xff, 0xa0, 0x00, 0xa5, 0x00, 0x00, 0x00, 0x00, 0x00, 0x00,
    0x00, 0x00, 0x00, 0x00, 0x5a, 0x00, 0x00, 0x00, 0x00, 0x00, 0x00, 0x00, 0x00, 0x00, 0x00, 0x00,
    0x5e, 0xe5, 0x00, 0x00, 0x00, 0x00, 0x00, 0x00, 0x00, 0x00, 0x00, 0x00, 0x00, 0x00, 0x00, 0x00,
    0x00, 0x00, 0x00, 0x00, 0x00, 0x01, 0xef, 0xfe, 0x10, 0x00, 0x00, 0x00, 0x00, 0x00, 0x00, 0x00,
    0x00, 0x00, 0x00, 0x00, 0x00, 0x00, 0x00, 0x00, 0x00, 0x00, 0x00, 0x08, 0xff, 0xff, 0x80, 0x00,
    0x00, 0x00, 0x00, 0x00, 0x00, 0x00, 0x00, 0x00, 0x00, 0x00, 0x00, 0x00, 0x00, 0x00, 0x00, 0x00,
    0x00, 0x1e, 0xff, 0xff, 0xe2, 0x00, 0x00, 0x00, 0x00, 0x00, 0x00, 0x00, 0x00, 0x00, 0x00, 0x00,
    0x00, 0x00, 0x00, 0x00, 0x00, 0x00, 0x00, 0x9f, 0xff, 0xff, 0xf9, 0x00, 0x00, 0x00, 0x00, 0x00,
    0x00, 0x00, 0x00, 0x00, 0x00, 0x00, 0x00, 0x00, 0x00, 0x00, 0x00, 0x00, 0x02, 0xff, 0xff, 0xff,
    0xff, 0x20, 0x00, 0x00, 0x00, 0x00, 0x00, 0x00, 0x00, 0x00, 0x00, 0x00, 0x00, 0x00, 0x00, 0x00,
    0x00, 0x00, 0x09, 0xff, 0xfd, 0xdf, 0xff, 0xa0, 0x00, 0x00, 0x00, 0x00, 0x00, 0x00, 0x00, 0x00,
    0x00, 0x00, 0x00, 0x00, 0x00, 0x00, 0x00, 0x00, 0x2f, 0xff, 0xf6, 0x6f, 0xff, 0xf3, 0x00, 0x00,
    0x00, 0x00, 0x00, 0x00, 0x00, 0x00, 0x00, 0x00, 0x00, 0x00, 0x00, 0x00, 0x00, 0x00, 0xaf, 0xff,
    0xc0, 0x0c, 0xff, 0xfa, 0x00, 0x00, 0x00, 0x00, 0x00, 0x00, 0x00, 0x00, 0x00, 0x00, 0x00, 0x00,
    0x00, 0x00, 0x00, 0x03, 0xff, 0xff, 0x50, 0x05, 0xff, 0xff, 0x30, 0x00, 0x00, 0x00, 0x00, 0x00,
    0x00, 0x00, 0x00, 0x00, 0x00, 0x00, 0x00, 0x00, 0x00, 0x0b, 0xff, 0xfc, 0x00, 0x00, 0xcf, 0xff,
    0xb0, 0x00, 0x00, 0x00, 0x00, 0x00, 0x00, 0x00, 0x00, 0x00, 0x00, 0x00, 0x00, 0x00, 0x00, 0x4f,
    0xff, 0xf4, 0x00, 0x00, 0x4f, 0xff, 0xf4, 0x00, 0x00, 0x00, 0x00, 0x00, 0x00, 0x00, 0x00, 0x00,
    0x00, 0x00, 0x00, 0x00, 0x00, 0xcf, 0xff, 0xb0, 0x00, 0x00, 0x0b, 0xff, 0xfc, 0x00, 0x00, 0x00,
    0x00, 0x00, 0x00, 0x00, 0x00, 0x00, 0x00, 0x00, 0x00, 0x00, 0x05, 0xff, 0xff, 0x30, 0x00, 0x00,
    0x03, 0xff, 0xff, 0x50, 0x00, 0x00, 0x00, 0x00, 0x00, 0x00, 0x00, 0x00, 0x00, 0x00, 0x00, 0x00,
    0x0c, 0xff, 0xfa, 0x00, 0x00, 0x00, 0x00, 0xaf, 0xff, 0xd0, 0x00, 0x00, 0x00, 0x00, 0x00, 0x00,
    0x00, 0x00, 0x00, 0x00, 0x00, 0x00, 0x5f, 0xff, 0xf3, 0x00, 0x00, 0x00, 0x00, 0x3f, 0xff, 0xf6,
    0x00, 0x00, 0x00, 0x00, 0x00, 0x00, 0x00, 0x00, 0x00, 0x00, 0x00, 0x00, 0xdf, 0xff, 0x90, 0x00,
    0xff, 0xff, 0x00, 0x09, 0xff, 0xfd, 0x00, 0x00, 0x00, 0x00, 0x00, 0x00, 0x00, 0x00, 0x00, 0x00,
    0x00, 0x06, 0xff, 0xff, 0x20, 0x00, 0xff, 0xff, 0x00, 0x02, 0xff, 0xff, 0x60, 0x00, 0x00, 0x00,
    0x00, 0x00, 0x00, 0x00, 0x00, 0x00, 0x00, 0x1e, 0xff, 0xf9, 0x00, 0x00, 0xff, 0xff, 0x00, 0x00,
    0x9f, 0xff, 0xe1, 0x00, 0x00, 0x00, 0x00, 0x00, 0x00, 0x00, 0x00, 0x00, 0x00, 0x7f, 0xff, 0xe1,
    0x00, 0x00, 0xff, 0xff, 0x00, 0x00, 0x1e, 0xff, 0xf7, 0x00, 0x00, 0x00, 0x00, 0x00, 0x00, 0x00,
    0x00, 0x00, 0x01, 0xef, 0xff, 0x80, 0x00, 0x00, 0xff, 0xff, 0x00, 0x00, 0x08, 0xff, 0xfe, 0x10,
    0x00, 0x00, 0x00, 0x00, 0x00, 0x00, 0x00, 0x00, 0x08, 0xff, 0xfe, 0x10, 0x00, 0x00, 0xff, 0xff,
    0x00, 0x00, 0x01, 0xef, 0xff, 0x80, 0x00, 0x00, 0x00, 0x00, 0x00, 0x00, 0x00, 0x00, 0x1e, 0xff,
    0xf7, 0x00, 0x00, 0x00, 0xff, 0xff, 0x00, 0x00, 0x00, 0x7f, 0xff, 0xe1, 0x00, 0x00, 0x00, 0x00,
    0x00, 0x00, 0x00, 0x00, 0x9f, 0xff, 0xe1, 0x00, 0x00, 0x00, 0xff, 0xff, 0x00, 0x00, 0x00, 0x1e,
    0xff, 0xf9, 0x00, 0x00, 0x00, 0x00, 0x00, 0x00, 0x00, 0x02, 0xff, 0xff, 0x60, 0x00, 0x00, 0x00,
    0xff, 0xff, 0x00, 0x00, 0x00, 0x06, 0xff, 0xff, 0x20, 0x00, 0x00, 0x00, 0x00, 0x00, 0x00, 0x09,
    0xff, 0xfd, 0x00, 0x00, 0x00, 0x00, 0xff, 0xff, 0x00, 0x00, 0x00, 0x00, 0xdf, 0xff, 0x90, 0x00,
    0x00, 0x00, 0x00, 0x00, 0x00, 0x2f, 0xff, 0xf6, 0x00, 0x00, 0x00, 0x00, 0x00, 0x00, 0x00, 0x00,
    0x00, 0x00, 0x6f, 0xff, 0xf3, 0x00, 0x00, 0x00, 0x00, 0x00, 0x00, 0xaf, 0xff, 0xd0, 0x00, 0x00,
    0x00, 0x00, 0x00, 0x00, 0x00, 0x00, 0x00, 0x00, 0x0d, 0xff, 0xfa, 0x00, 0x00, 0x00, 0x00, 0x00,
    0x03, 0xff, 0xff, 0x50, 0x00, 0x00, 0x00, 0x00, 0x00, 0x00, 0x00, 0x00, 0x00, 0x00, 0x05, 0xff,
    0xff, 0x30, 0x00, 0x00, 0x00, 0x00, 0x0b, 0xff, 0xfc, 0x00, 0x00, 0x00, 0x00, 0x00, 0x00, 0x00,
    0x00, 0x00, 0x00, 0x00, 0x00, 0xcf, 0xff, 0xb0, 0x00, 0x00, 0x00, 0x00, 0x4f, 0xff, 0xf4, 0x00,
    0x00, 0x00, 0x00, 0x00, 0xff, 0xff, 0x00, 0x00, 0x00, 0x00, 0x00, 0x4f, 0xff, 0xf4, 0x00, 0x00,
    0x00, 0x00, 0xcf, 0xff, 0xb0, 0x00, 0x00, 0x00, 0x00, 0x00, 0xff, 0xff, 0x00, 0x00, 0x00, 0x00,
    0x00, 0x0b, 0xff, 0xfc, 0x00, 0x00, 0x00, 0x05, 0xff, 0xff, 0x30, 0x00, 0x00, 0x00, 0x00, 0x00,
    0xff, 0xff, 0x00, 0x00, 0x00, 0x00, 0x00, 0x03, 0xff, 0xff, 0x50, 0x00, 0x00, 0x0c, 0xff, 0xfa,
    0x00, 0x00, 0x00, 0x00, 0x00, 0x00, 0xff, 0xff, 0x00, 0x00, 0x00, 0x00, 0x00, 0x00, 0xaf, 0xff,
    0xc0, 0x00, 0x00, 0x5f, 0xff, 0xf3, 0x00, 0x00, 0x00, 0x00, 0x00, 0x00, 0x00, 0x00, 0x00, 0x00,
    0x00, 0x00, 0x00, 0x00, 0x3f, 0xff, 0xf5, 0x00, 0x00, 0xdf, 0xff, 0xa0, 0x00, 0x00, 0x00, 0x00,
    0x00, 0x00, 0x00, 0x00, 0x00, 0x00, 0x00, 0x00, 0x00, 0x00, 0x0a, 0xff, 0xfd, 0x00, 0x06, 0xff,
    0xff, 0x20, 0x00, 0x00, 0x00, 0x00, 0x00, 0x00, 0x00, 0x00, 0x00, 0x00, 0x00, 0x00, 0x00, 0x00,
    0x02, 0xff, 0xff, 0x60, 0x1e, 0xff, 0xf9, 0x00, 0x00, 0x00, 0x00, 0x00, 0x00, 0x00, 0x00, 0x00,
    0x00, 0x00, 0x00, 0x00, 0x00, 0x00, 0x00, 0x9f, 0xff, 0xe1, 0x7f, 0xff, 0xff, 0xff, 0xff, 0xff,
    0xff, 0xff, 0xff, 0xff, 0xff, 0xff, 0xff, 0xff, 0xff, 0xff, 0xff, 0xff, 0xff, 0xff, 0xff, 0xf7,
    0xdf, 0xff, 0xff, 0xff, 0xff, 0xff, 0xff, 0xff, 0xff, 0xff, 0xff, 0xff, 0xff, 0xff, 0xff, 0xff,
    0xff, 0xff, 0xff, 0xff, 0xff, 0xfd, 0xdf, 0xff, 0xff, 0xff, 0xff, 0xff, 0xff, 0xff, 0xff, 0xff,
    0xff, 0xff, 0xff, 0xff, 0xff, 0xff, 0xff, 0xff, 0xff, 0xff, 0xff, 0xfd, 0x5e, 0xff, 0xff, 0xff,
    0xff, 0xff, 0xff, 0xff, 0xff, 0xff, 0xff, 0xff, 0xff, 0xff, 0xff, 0xff, 0xff, 0xff, 0xff, 0xff,
    0xff, 0xe5, 0x00, 0x00, 0x00, 0x00, 0x00, 0x00, 0x00, 0x02, 0xae, 0xff, 0xff, 0xea, 0x20, 0x00,
    0x00, 0x00, 0x00, 0x00, 0x00, 0x00, 0x00, 0x00, 0x00, 0x00, 0x00, 0x00, 0x00, 0x2e, 0xff, 0xff,
    0xff, 0xff, 0xe2, 0x00, 0x00, 0x00, 0x00, 0x00, 0x00, 0x00, 0x00, 0x00, 0x00, 0x00, 0x00, 0x00,
    0x00, 0xaf, 0xff, 0xff, 0xff, 0xff, 0xfa, 0x00, 0x00, 0x00, 0x00, 0x00, 0x00, 0x00, 0x00, 0x00,
    0x00, 0x00, 0x00, 0x00, 0x00, 0xef, 0xff, 0xff, 0xff, 0xff, 0xfe, 0x00, 0x00, 0x00, 0x00, 0x00,
    0x00, 0x00, 0x00, 0x00, 0x02, 0xae, 0xff, 0xff, 0xff, 0xff, 0xff, 0xff, 0xff, 0xff, 0xff, 0xff,
    0xff, 0xff, 0xea, 0x20, 0x00, 0x00, 0x00, 0x00, 0x2e, 0xff, 0xff, 0xff, 0xff, 0xff, 0xff, 0xff,
    0xff, 0xff, 0xff, 0xff, 0xff, 0xff, 0xff, 0xe2, 0x00, 0x00, 0x00, 0x00, 0xaf, 0xff, 0xff, 0xff,
    0xff, 0xff, 0xff, 0xff, 0xff, 0xff, 0xff, 0xff, 0xff, 0xff, 0xff, 0xfa, 0x00, 0x00, 0x00, 0x00,
    0xef, 0xff, 0xff, 0xff, 0xff, 0xff, 0xff, 0xff, 0xff, 0xff, 0xff, 0xff, 0xff, 0xff, 0xff, 0xfe,
    0x00, 0x00, 0x00, 0x00, 0xff, 0xff, 0x00, 0x00, 0x00, 0x00, 0x00, 0x00, 0x00, 0x00, 0x00, 0x00,
    0x00, 0x00, 0xff, 0xff, 0x00, 0x00, 0x00, 0x00, 0xff, 0xff, 0x00, 0x00, 0x00, 0x00, 0x00, 0x00,
    0x00, 0x00, 0x00, 0x00, 0x00, 0x00, 0xff, 0xff, 0x00, 0x00, 0x00, 0x00, 0xff, 0xff, 0x00, 0x00,
    0x00, 0x00, 0x00, 0x00, 0x00, 0x00, 0x00, 0x00, 0x00, 0x00, 0xff, 0xff, 0x00, 0x00, 0x00, 0x00,
    0xff, 0xff, 0x00, 0x00, 0x00, 0x00, 0x00, 0x00, 0x00, 0x00, 0x00, 0x00, 0x00, 0x00, 0xff, 0xff,
    0x00, 0x00, 0x02, 0xae, 0xff, 0xff, 0x00, 0x00, 0x00, 0x00, 0x00, 0x00, 0x00, 0x00, 0x00, 0x00,
    0x00, 0x00, 0xff, 0xff, 0xea, 0x20, 0x2e, 0xff, 0xff, 0xff, 0x00, 0x00, 0x00, 0x00, 0x00, 0x00,
    0x00, 0x00, 0x00, 0x00, 0x00, 0x00, 0xff, 0xff, 0xff, 0xe2, 0xaf, 0xff, 0xff, 0xff, 0x00, 0x00,
    0x9e, 0xe9, 0x00, 0x00, 0x00, 0x00, 0x9e, 0xe9, 0x00, 0x00, 0xff, 0xff, 0xff, 0xfa, 0xef, 0xff,
    0xff, 0xff, 0x00, 0x09, 0xff, 0xff, 0x90, 0x00, 0x00, 0x09, 0xff, 0xff, 0x90, 0x00, 0xff, 0xff,
    0xff, 0xfe, 0xff, 0xff, 0xff, 0xff, 0x00, 0x0e, 0xff, 0xff, 0xe0, 0x00, 0x00, 0x0e, 0xff, 0xff,
    0xe0, 0x00, 0xff, 0xff, 0xff, 0xff, 0xff, 0xff, 0xff, 0xff, 0x00, 0x0e, 0xff, 0xff, 0xe0, 0x00,
    0x00, 0x0e, 0xff, 0xff, 0xe0, 0x00, 0xff, 0xff, 0xff, 0xff, 0xff, 0xff, 0xff, 0xff, 0x00, 0x09,
    0xff, 0xff, 0x90, 0x00, 0x00, 0x09, 0xff, 0xff, 0x90, 0x00, 0xff, 0xff, 0xff, 0xff, 0xff, 0xff,
    0xff, 0xff, 0x00, 0x00, 0x9e, 0xe9, 0x00, 0x00, 0x00, 0x00, 0x9e, 0xe9, 0x00, 0x00, 0xff, 0xff,
    0xff, 0xff, 0xef, 0xff, 0xff, 0xff, 0x00, 0x00, 0x00, 0x00, 0x00, 0x00, 0x00, 0x00, 0x00, 0x00,
    0x00, 0x00, 0xff, 0xff, 0xff, 0xfe, 0xaf, 0xff, 0xff, 0xff, 0x00, 0x00, 0x00, 0x00, 0x00, 0x00,
    0x00, 0x00, 0x00, 0x00, 0x00, 0x00, 0xff, 0xff, 0xff, 0xfa, 0x2e, 0xff, 0xff, 0xff, 0x00, 0x00,
    0x00, 0x00, 0x00, 0x00, 0x00, 0x00, 0x00, 0x00, 0x00, 0x00, 0xff, 0xff, 0xff, 0xe2, 0x02, 0xae,
    0xff, 0xff, 0x00, 0x00, 0x00, 0x00, 0x00, 0x00, 0x00, 0x00, 0x00, 0x00, 0x00, 0x00, 0xff, 0xff,
    0xea, 0x20, 0x00, 0x00, 0xff, 0xff, 0x00, 0x00, 0xff, 0xff, 0xff, 0xff, 0xff, 0xff, 0xff, 0xff,
    0x00, 0x00, 0xff, 0xff, 0x00, 0x00, 0x00, 0x00, 0xff, 0xff, 0x00, 0x00, 0xff, 0xff, 0xff, 0xff,
    0xff, 0xff, 0xff, 0xff, 0x00, 0x00, 0xff, 0xff, 0x00, 0x00, 0x00, 0x00, 0xff, 0xff, 0x00, 0x00,
    0xff, 0xff, 0xff, 0xff, 0xff, 0xff, 0xff, 0xff, 0x00, 0x00, 0xff, 0xff, 0x00, 0x00, 0x00, 0x00,
    0xff, 0xff, 0x00, 0x00, 0xff, 0xff, 0xff, 0xff, 0xff, 0xff, 0xff, 0xff, 0x00, 0x00, 0xff, 0xff,
    0x00, 0x00, 0x00, 0x00, 0xff, 0xff, 0x00, 0x00, 0x00, 0x00, 0x00, 0x00, 0x00, 0x00, 0x00, 0x00,
    0x00, 0x00, 0xff, 0xff, 0x00, 0x00, 0x00, 0x00, 0xff, 0xff, 0x00, 0x00, 0x00, 0x00, 0x00, 0x00,
    0x00, 0x00, 0x00, 0x00, 0x00, 0x00, 0xff, 0xff, 0x00, 0x00, 0x00, 0x00, 0xff, 0xff, 0x00, 0x00,
    0x00, 0x00, 0x00, 0x00, 0x00, 0x00, 0x00, 0x00, 0x00, 0x00, 0xff, 0xff, 0x00, 0x00, 0x00, 0x00,
    0xff, 0xff, 0x00, 0x00, 0x00, 0x00, 0x00, 0x00, 0x00, 0x00, 0x00, 0x00, 0x00, 0x00, 0xff, 0xff,
    0x00, 0x00, 0x00, 0x00, 0xef, 0xff, 0xff, 0xff, 0xff, 0xff, 0xff, 0xff, 0xff, 0xff, 0xff, 0xff,
    0xff, 0xff, 0xff, 0xfe, 0x00, 0x00, 0x00, 0x00, 0xaf, 0xff, 0xff, 0xff, 0xff, 0xff, 0xff, 0xff,
    0xff, 0xff, 0xff, 0xff, 0xff, 0xff, 0xff, 0xfa, 0x00, 0x00, 0x00, 0x00, 0x2e, 0xff, 0xff, 0xff,
    0xff, 0xff, 0xff, 0xff, 0xff, 0xff, 0xff, 0xff, 0xff, 0xff, 0xff, 0xe2, 0x00, 0x00, 0x00, 0x00,
    0x02, 0xae, 0xff, 0xff, 0xff, 0xff, 0xff, 0xff, 0xff, 0xff, 0xff, 0xff, 0xff, 0xff, 0xea, 0x20,
    0x00, 0x00, 0xff, 0xff, 0xff, 0x00, 0x00, 0x00, 0x00, 0x00, 0x00, 0x00, 0x00, 0x00, 0x00, 0x00,
    0x00, 0x2a, 0xff, 0xff, 0xff, 0x00, 0x00, 0x00, 0x00, 0x00, 0x00, 0x00, 0x00, 0x00, 0x00, 0x00,
    0x06, 0xef, 0xff, 0xff, 0xff, 0x00, 0x00, 0x00, 0x00, 0x00, 0x00, 0x00, 0x00, 0x00, 0x00, 0x02,
    0xbf, 0xff, 0xff, 0xff, 0xff, 0x00, 0x00, 0x00, 0x00, 0x00, 0x00, 0x00, 0x00, 0x00, 0x00, 0x8f,
    0xff, 0xff, 0xff, 0xff, 0xff, 0x00, 0x00, 0x00, 0x00, 0x00, 0x00, 0x00, 0x00, 0x00, 0x4d, 0xff,
    0xff, 0xff, 0xff, 0xff, 0xff, 0x00, 0x00, 0x00, 0x00, 0x00, 0x00, 0x00, 0x00, 0x19, 0xff, 0xff,
    0xff, 0xff, 0xff, 0xff, 0xff, 0x00, 0x00, 0x00, 0x00, 0x00, 0x00, 0x00, 0x05, 0xdf, 0xff, 0xff,
    0xff, 0xff, 0xff, 0xff, 0xff, 0x00, 0x00, 0x00, 0x00, 0x00, 0x00, 0x02, 0xaf, 0xff, 0xff, 0xff,
    0xff, 0xff, 0xff, 0xff, 0xff, 0x00, 0x00, 0x00, 0x00, 0x00, 0x00, 0x6e, 0xff, 0xff, 0xff, 0xff,
    0xff, 0xff, 0xff, 0xff, 0xff, 0x00, 0x00, 0x00, 0x00, 0x00, 0x2b, 0xff, 0xff, 0xff, 0xff, 0xff,
    0xff, 0xff, 0xff, 0xff, 0xff, 0x00, 0x00, 0x00, 0x00, 0x08, 0xff, 0xff, 0xff, 0xff, 0xff, 0xff,
    0xff, 0xff, 0xff, 0xff, 0xff, 0x00, 0x00, 0x00, 0x04, 0xdf, 0xff, 0xff, 0xff, 0xff, 0xff, 0xff,
    0xff, 0xff, 0xff, 0xff, 0xff, 0x00, 0x00, 0x01, 0x9f, 0xff, 0xff, 0xff, 0xff, 0xff, 0xff, 0xff,
    0xff, 0xff, 0xff, 0xff, 0xff, 0x00, 0x00, 0x5d, 0xff, 0xff, 0xff, 0xff, 0xff, 0xff, 0xff, 0xff,
    0xff, 0xff, 0xff, 0xff, 0xff, 0x00, 0x00, 0x5d, 0xff, 0xff, 0xff, 0xff, 0xff, 0xff, 0xff, 0xff,
    0xff, 0xff, 0xff, 0xff, 0xff, 0x00, 0x00, 0x01, 0x9f, 0xff, 0xff, 0xff, 0xff, 0xff, 0xff, 0xff,
    0xff, 0xff, 0xff, 0xff, 0xff, 0x00, 0x00, 0x00, 0x04, 0xdf, 0xff, 0xff, 0xff, 0xff, 0xff, 0xff,
    0xff, 0xff, 0xff, 0xff, 0xff, 0x00, 0x00, 0x00, 0x00, 0x08, 0xff, 0xff, 0xff, 0xff, 0xff, 0xff,
    0xff, 0xff, 0xff, 0xff, 0xff, 0x00, 0x00, 0x00, 0x00, 0x00, 0x2b, 0xff, 0xff, 0xff, 0xff, 0xff,
    0xff, 0xff, 0xff, 0xff, 0xff, 0x00, 0x00, 0x00, 0x00, 0x00, 0x00, 0x6e, 0xff, 0xff, 0xff, 0xff,
    0xff, 0xff, 0xff, 0xff, 0xff, 0x00, 0x00, 0x00, 0x00, 0x00, 0x00, 0x02, 0xaf, 0xff, 0xff, 0xff,
    0xff, 0xff, 0xff, 0xff, 0xff, 0x00, 0x00, 0x00, 0x00, 0x00, 0x00, 0x00, 0x05, 0xdf, 0xff, 0xff,
    0xff, 0xff, 0xff, 0xff, 0xff, 0x00, 0x00, 0x00, 0x00, 0x00, 0x00, 0x00, 0x00, 0x19, 0xff, 0xff,
    0xff, 0xff, 0xff, 0xff, 0xff, 0x00, 0x00, 0x00, 0x00, 0x00, 0x00, 0x00, 0x00, 0x00, 0x4d, 0xff,
    0xff, 0xff, 0xff, 0xff, 0xff, 0x00, 0x00, 0x00, 0x00, 0x00, 0x00, 0x00, 0x00, 0x00, 0x00, 0x8f,
    0xff, 0xff, 0xff, 0xff, 0xff, 0x00, 0x00, 0x00, 0x00, 0x00, 0x00, 0x00, 0x00, 0x00, 0x00, 0x02,
    0xbf, 0xff, 0xff, 0xff, 0xff, 0x00, 0x00, 0x00, 0x00, 0x00, 0x00, 0x00, 0x00, 0x00, 0x00, 0x00,
    0x06, 0xef, 0xff, 0xff, 0xff, 0x00, 0x00, 0x00, 0x00, 0x00, 0x00, 0x00, 0x00, 0x00, 0x00, 0x00,
    0x00, 0x2a, 0xa2, 0x00, 0x00, 0x00, 0x00, 0x00, 0x00, 0x00, 0x00, 0x00, 0x00, 0x00, 0xfe, 0x70,
    0x00, 0x00, 0x00, 0x00, 0x00, 0x00, 0x00, 0x00, 0x00, 0x00, 0xff, 0xfc, 0x30, 0x00, 0x00, 0x00,
    0x00, 0x00, 0x00, 0x00, 0x00, 0x00, 0xff, 0xff, 0xf8, 0x10, 0x00, 0x00, 0x00, 0x00, 0x00, 0x00,
    0x00, 0x00, 0xff, 0xff, 0xff, 0xd5, 0x00, 0x00, 0x00, 0x00, 0x00, 0x00, 0x00, 0x00, 0xff, 0xff,
    0xff, 0xff, 0xa2, 0x00, 0x00, 0x00, 0x00, 0x00, 0x00, 0x00, 0xff, 0xff, 0xff, 0xff, 0xfe, 0x70,
    0x00, 0x00, 0x00, 0x00, 0x00, 0x00, 0xff, 0xff, 0xff, 0xff, 0xff, 0xfc, 0x30, 0x00, 0x00, 0x00,
    0x00, 0x00, 0xff, 0xff, 0xff, 0xff, 0xff, 0xff, 0xf8, 0x10, 0x00, 0x00, 0x00, 0x00, 0xff, 0xff,
    0xff, 0xff, 0xff, 0xff, 0xff, 0xd5, 0x00, 0x00, 0x00, 0x00, 0xff, 0xff, 0xff, 0xff, 0xff, 0xff,
    0xff, 0xff, 0xa2, 0x00, 0x00, 0x00, 0xff, 0xff, 0xff, 0xff, 0xff, 0xff, 0xff, 0xff, 0xfe, 0x70,
    0x00, 0x00, 0xff, 0xff, 0xff, 0xff, 0xff, 0xff, 0xff, 0xff, 0xff, 0xfc, 0x30, 0x00, 0xff, 0xff,
    0xff, 0xff, 0xff, 0xff, 0xff, 0xff, 0xff, 0xff, 0xf8, 0x10, 0xff, 0xff, 0xff, 0xff, 0xff, 0xff,
    0xff, 0xff, 0xff, 0xff, 0xff, 0xd5, 0xff, 0xff, 0xff, 0xff, 0xff, 0xff, 0xff, 0xff, 0xff, 0xff,
    0xff, 0xd5, 0xff, 0xff, 0xff, 0xff, 0xff, 0xff, 0xff, 0xff, 0xff, 0xff, 0xf8, 0x10, 0xff, 0xff,
    0xff, 0xff, 0xff, 0xff, 0xff, 0xff, 0xff, 0xfc, 0x30, 0x00, 0xff, 0xff, 0xff, 0xff, 0xff, 0xff,
    0xff, 0xff, 0xfe, 0x70, 0x00, 0x00, 0xff, 0xff, 0xff, 0xff, 0xff, 0xff, 0xff, 0xff, 0xa2, 0x00,
    0x00, 0x00, 0xff, 0xff, 0xff, 0xff, 0xff, 0xff, 0xff, 0xd5, 0x00, 0x00, 0x00, 0x00, 0xff, 0xff,
    0xff, 0xff, 0xff, 0xff, 0xf8, 0x10, 0x00, 0x00, 0x00, 0x00, 0xff, 0xff, 0xff, 0xff, 0xff, 0xfc,
    0x30, 0x00, 0x00, 0x00, 0x00, 0x00, 0xff, 0xff, 0xff, 0xff, 0xfe, 0x70, 0x00, 0x00, 0x00, 0x00,
    0x00, 0x00, 0xff, 0xff, 0xff, 0xff, 0xa2, 0x00, 0x00, 0x00, 0x00, 0x00, 0x00, 0x00, 0xff, 0xff,
    0xff, 0xd5, 0x00, 0x00, 0x00, 0x00, 0x00, 0x00, 0x00, 0x00, 0xff, 0xff, 0xf8, 0x10, 0x00, 0x00,
    0x00, 0x00, 0x00, 0x00, 0x00, 0x00, 0xff, 0xfc, 0x30, 0x00, 0x00, 0x00, 0x00, 0x00, 0x00, 0x00,
    0x00, 0x00, 0xfe, 0x70, 0x00, 0x00, 0x00, 0x00, 0x00, 0x00, 0x00, 0x00, 0x00, 0x00, 0xa2, 0x00,
    0x00, 0x00, 0x00, 0x00, 0x00, 0x00, 0x00, 0x00, 0x00, 0x00, 0xff, 0xff, 0xff, 0xff, 0x00, 0x00,
    0x00, 0x00, 0xff, 0xff, 0xff, 0xff, 0xff, 0xff, 0xff, 0xff, 0x00, 0x00, 0x00, 0x00, 0xff, 0xff,
    0xff, 0xff, 0xff, 0xff, 0xff, 0xff, 0x00, 0x00, 0x00, 0x00, 0xff, 0xff, 0xff, 0xff, 0xff, 0xff,
    0xff, 0xff, 0x00, 0x00, 0x00, 0x00, 0xff, 0xff, 0xff, 0xff, 0xff, 0xff, 0xff, 0xff, 0x00, 0x00,
    0x00, 0x00, 0xff, 0xff, 0xff, 0xff, 0xff, 0xff, 0xff, 0xff, 0x00, 0x00, 0x00, 0x00, 0xff, 0xff,
    0xff, 0xff, 0xff, 0xff, 0xff, 0xff, 0x00, 0x00, 0x00, 0x00, 0xff, 0xff, 0xff, 0xff, 0xff, 0xff,
    0xff, 0xff, 0x00, 0x00, 0x00, 0x00, 0xff, 0xff, 0xff, 0xff, 0xff, 0xff, 0xff, 0xff, 0x00, 0x00,
    0x00, 0x00, 0xff, 0xff, 0xff, 0xff, 0xff, 0xff, 0xff, 0xff, 0x00, 0x00, 0x00, 0x00, 0xff, 0xff,
    0xff, 0xff, 0xff, 0xff, 0xff, 0xff, 0x00, 0x00, 0x00, 0x00, 0xff, 0xff, 0xff, 0xff, 0xff, 0xff,
    0xff, 0xff, 0x00, 0x00, 0x00, 0x00, 0xff, 0xff, 0xff, 0xff, 0xff, 0xff, 0xff, 0xff, 0x00, 0x00,
    0x00, 0x00, 0xff, 0xff, 0xff, 0xff, 0xff, 0xff, 0xff, 0xff, 0x00, 0x00, 0x00, 0x00, 0xff, 0xff,
    0xff, 0xff, 0xff, 0xff, 0xff, 0xff, 0x00, 0x00, 0x00, 0x00, 0xff, 0xff, 0xff, 0xff, 0xff, 0xff,
    0xff, 0xff, 0x00, 0x00, 0x00, 0x00, 0xff, 0xff, 0xff, 0xff, 0xff, 0xff, 0xff, 0xff, 0x00, 0x00,
    0x00, 0x00, 0xff, 0xff, 0xff, 0xff, 0xff, 0xff, 0xff, 0xff, 0x00, 0x00, 0x00, 0x00, 0xff, 0xff,
    0xff, 0xff, 0xff, 0xff, 0xff, 0xff, 0x00, 0x00, 0x00, 0x00, 0xff, 0xff, 0xff, 0xff, 0xff, 0xff,
    0xff, 0xff, 0x00, 0x00, 0x00, 0x00, 0xff, 0xff, 0xff, 0xff, 0xff, 0xff, 0xff, 0xff, 0x00, 0x00,
    0x00, 0x00, 0xff, 0xff, 0xff, 0xff, 0xff, 0xff, 0xff, 0xff, 0x00, 0x00, 0x00, 0x00, 0xff, 0xff,
    0xff, 0xff, 0xff, 0xff, 0xff, 0xff, 0x00, 0x00, 0x00, 0x00, 0xff, 0xff, 0xff, 0xff, 0xff, 0xff,
    0xff, 0xff, 0x00, 0x00, 0x00, 0x00, 0xff, 0xff, 0xff, 0xff, 0xff, 0xff, 0xff, 0xff, 0x00, 0x00,
    0x00, 0x00, 0xff, 0xff, 0xff, 0xff, 0xff, 0xff, 0xff, 0xff, 0x00, 0x00, 0x00, 0x00, 0xff, 0xff,
    0xff, 0xff, 0xff, 0xff, 0xff, 0xff, 0x00, 0x00, 0x00, 0x00, 0xff, 0xff, 0xff, 0xff, 0xff, 0xff,
    0xff, 0xff, 0x00, 0x00, 0x00, 0x00, 0xff, 0xff, 0xff, 0xff, 0xa2, 0x00, 0x00, 0x00, 0x00, 0x00,
    0x00, 0x00, 0x00, 0x00, 0x00, 0x00, 0x00, 0xff, 0xff, 0xff, 0xfe, 0x60, 0x00, 0x00, 0x00, 0x00,
    0x00, 0x00, 0x00, 0x00, 0x00, 0x00, 0x00, 0xff, 0xff, 0xff, 0xff, 0xfb, 0x20, 0x00, 0x00, 0x00,
    0x00, 0x00, 0x00, 0x00, 0x00, 0x00, 0x00, 0xff, 0xff, 0xff, 0xff, 0xff, 0xf8, 0x00, 0x00, 0x00,
    0x00, 0x00, 0x00, 0x00, 0x00, 0x00, 0x00, 0xff, 0xff, 0xff, 0xff, 0xff, 0xff, 0xd4, 0x00, 0x00,
    0x00, 0x00, 0x00, 0x00, 0x00, 0x00, 0x00, 0xff, 0xff, 0xff, 0xff, 0xff, 0xff, 0xff, 0x91, 0x00,
    0x00, 0x00, 0x00, 0x00, 0x00, 0x00, 0x00, 0xff, 0xff, 0xff, 0xff, 0xff, 0xff, 0xff, 0xfd, 0x50,
    0x00, 0x00, 0x00, 0x00, 0x00, 0x00, 0x00, 0xff, 0xff, 0xff, 0xff, 0xff, 0xff, 0xff, 0xff, 0xfa,
    0x20, 0x00, 0x00, 0x00, 0x00, 0x00, 0x00, 0xff, 0xff, 0xff, 0xff, 0xff, 0xff, 0xff, 0xff, 0xff,
    0xe6, 0x00, 0x00, 0x00, 0x00, 0x00, 0x00, 0xff, 0xff, 0xff, 0xff, 0xff, 0xff, 0xff, 0xff, 0xff,
    0xff, 0xb2, 0x00, 0x00, 0x00, 0x00, 0x00, 0xff, 0xff, 0xff, 0xff, 0xff, 0xff, 0xff, 0xff, 0xff,
    0xff, 0xff, 0x80, 0x00, 0x00, 0x00, 0x00, 0xff, 0xff, 0xff, 0xff, 0xff, 0xff, 0xff, 0xff, 0xff,
    0xff, 0xff, 0xfd, 0x40, 0x00, 0x00, 0x00, 0xff, 0xff, 0xff, 0xff, 0xff, 0xff, 0xff, 0xff, 0xff,
    0xff, 0xff, 0xff, 0xf9, 0x10, 0x00, 0x00, 0xff, 0xff, 0xff, 0xff, 0xff, 0xff, 0xff, 0xff, 0xff,
    0xff, 0xff, 0xff, 0xff, 0xd5, 0x00, 0x00, 0xff, 0xff, 0xff, 0xff, 0xff, 0xff, 0xff, 0xff, 0xff,
    0xff, 0xff, 0xff, 0xff, 0xd5, 0x00, 0x00, 0xff, 0xff, 0xff, 0xff, 0xff, 0xff, 0xff, 0xff, 0xff,
    0xff, 0xff, 0xff, 0xf9, 0x10, 0x00, 0x00, 0xff, 0xff, 0xff, 0xff, 0xff, 0xff, 0xff, 0xff, 0xff,
    0xff, 0xff, 0xfd, 0x40, 0x00, 0x00, 0x00, 0xff, 0xff, 0xff, 0xff, 0xff, 0xff, 0xff, 0xff, 0xff,
    0xff, 0xff, 0x80, 0x00, 0x00, 0x00, 0x00, 0xff, 0xff, 0xff, 0xff, 0xff, 0xff, 0xff, 0xff, 0xff,
    0xff, 0xb2, 0x00, 0x00, 0x00, 0x00, 0x00, 0xff, 0xff, 0xff, 0xff, 0xff, 0xff, 0xff, 0xff, 0xff,
    0xe6, 0x00, 0x00, 0x00, 0x00, 0x00, 0x00, 0xff, 0xff, 0xff, 0xff, 0xff, 0xff, 0xff, 0xff, 0xfa,
    0x20, 0x00, 0x00, 0x00, 0x00, 0x00, 0x00, 0xff, 0xff, 0xff, 0xff, 0xff, 0xff, 0xff, 0xfd, 0x50,
    0x00, 0x00, 0x00, 0x00, 0x00, 0x00, 0x00, 0xff, 0xff, 0xff, 0xff, 0xff, 0xff, 0xff, 0x91, 0x00,
    0x00, 0x00, 0x00, 0x00, 0x00, 0x00, 0x00, 0xff, 0xff, 0xff, 0xff, 0xff, 0xff, 0xd4, 0x00, 0x00,
    0x00, 0x00, 0x00, 0x00, 0x00, 0x00, 0x00, 0xff, 0xff, 0xff, 0xff, 0xff, 0xf8, 0x00, 0x00, 0x00,
    0x00, 0x00, 0x00, 0x00, 0x00, 0x00, 0x00, 0xff, 0xff, 0xff, 0xff, 0xfb, 0x20, 0x00, 0x00, 0x00,
    0x00, 0x00, 0x00, 0x00, 0x00, 0x00, 0x00, 0xff, 0xff, 0xff, 0xfe, 0x60, 0x00, 0x00, 0x00, 0x00,
    0x00, 0x00, 0x00, 0x00, 0x00, 0x00, 0x00, 0xff, 0xff, 0xff, 0xa2, 0x00, 0x00, 0x00, 0x00, 0x00,
    0x00, 0x00, 0x00, 0x00, 0x00, 0x00, 0x00, 0xff, 0xff, 0xff, 0x00, 0x01, 0x00, 0x00, 0x00, 0x00,
    0x00, 0x00, 0x00, 0x00, 0x00, 0x00, 0x00, 0x00, 0x00, 0x00, 0x00, 0x00, 0x00, 0x00, 0x00, 0x00,
    0x00, 0x3e, 0x50, 0x00, 0x00, 0x00, 0x00, 0x00, 0x00, 0x00, 0x00, 0x00, 0x00, 0x00, 0x00, 0x00,
    0x00, 0x00, 0x00, 0x00, 0x00, 0x00, 0x03, 0xef, 0xf5, 0x00, 0x00, 0x00, 0x00, 0x00, 0x00, 0x00,
    0x00, 0x00, 0x00, 0x00, 0x00, 0x00, 0x00, 0x00, 0x00, 0x00, 0x00, 0x00, 0x1e, 0xff, 0xff, 0x50,
    0x00, 0x00, 0x00, 0x00, 0x00, 0x00, 0x00, 0x00, 0x00, 0x00, 0x00, 0x00, 0x00, 0x00, 0x00, 0x00,
    0x00, 0x00, 0x05, 0xff, 0xff, 0xf5, 0x00, 0x00, 0x00, 0x00, 0x00, 0x00, 0x00, 0x00, 0x01, 0x10,
    0x00, 0x00, 0x00, 0x00, 0x00, 0x00, 0x00, 0x00, 0x00, 0x5f, 0xff, 0xff, 0x50, 0x00, 0x00, 0x00,
    0x00, 0x00, 0x00, 0x00, 0x6f, 0xf7, 0x00, 0x00, 0xc5, 0x00, 0x00, 0x00, 0x00, 0x00, 0x00, 0x05,
    0xff, 0xff, 0xf5, 0x00, 0x00, 0x00, 0x00, 0x00, 0x00, 0x07, 0xff, 0xfd, 0x00, 0x00, 0xff, 0xd4,
    0x00, 0x00, 0x00, 0x00, 0x00, 0x00, 0x5f, 0xff, 0xff, 0x50, 0x00, 0x00, 0x00, 0x00, 0x00, 0x8f,
    0xff, 0xff, 0x00, 0x00, 0xff, 0xff, 0x91, 0x00, 0x00, 0x00, 0x00, 0x00, 0x05, 0xff, 0xff, 0xf5,
    0x00, 0x00, 0x00, 0x00, 0x08, 0xff, 0xff, 0xff, 0x00, 0x00, 0xff, 0xff, 0xfc, 0x10, 0x00, 0x00,
    0x00, 0x00, 0x00, 0x5f, 0xff, 0xff, 0x50, 0x00, 0x00, 0x00, 0x8f, 0xff, 0xff, 0xff, 0x00, 0x00,
    0x9f, 0xff, 0xff, 0xd1, 0x00, 0x00, 0x00, 0x00, 0x00, 0x05, 0xff, 0xff, 0xf5, 0x00, 0x00, 0x08,
    0xff, 0xff, 0xff, 0xff, 0x00, 0x00, 0x03, 0xdf, 0xff, 0xfc, 0x10, 0x00, 0x00, 0x00, 0x00, 0x00,
    0x5f, 0xff, 0xff, 0x50, 0x00, 0x8f, 0xff, 0xfe, 0xff, 0xff, 0x00, 0x00, 0x00, 0x1b, 0xff, 0xff,
    0x90, 0x00, 0x00, 0x00, 0x00, 0x00, 0x05, 0xff, 0xff, 0xf5, 0x08, 0xff, 0xff, 0xe3, 0xff, 0xff,
    0x00, 0x00, 0x00, 0x00, 0xbf, 0xff, 0xf4, 0x00, 0x00, 0x00, 0x00, 0x00, 0x00, 0x5f, 0xff, 0xff,
    0xaf, 0xff, 0xfe, 0x30, 0xff, 0xff, 0x00, 0x00, 0x00, 0x00, 0x1d, 0xff, 0xfd, 0x00, 0x00, 0x00,
    0x02, 0xae, 0xff, 0xff, 0xff, 0xff, 0xff, 0xff, 0xe3, 0x00, 0xff, 0xff, 0x00, 0x00, 0x00, 0x00,
    0x03, 0xff, 0xff, 0x50, 0x00, 0x00, 0x2e, 0xff, 0xff, 0xff, 0xff, 0xff, 0xff, 0xfe, 0x30, 0x00,
    0xff, 0xff, 0x00, 0x00, 0x91, 0x00, 0x00, 0x9f, 0xff, 0xc0, 0x00, 0x00, 0xaf, 0xff, 0xff, 0xff,
    0xff, 0xff, 0xff, 0xf7, 0x00, 0x00, 0xff, 0xff, 0x00, 0x00, 0xfb, 0x10, 0x00, 0x2f, 0xff, 0xf2,
    0x00, 0x00, 0xef, 0xff, 0xff, 0xff, 0xff, 0xff, 0xff, 0xff, 0x50, 0x00, 0xff, 0xff, 0x00, 0x00,
    0xff, 0x90, 0x00, 0x0b, 0xff, 0xf6, 0x00, 0x00, 0xff, 0xff, 0x00, 0x00, 0x00, 0x05, 0xff, 0xff,
    0xf5, 0x00, 0xff, 0xff, 0x00, 0x00, 0xff, 0xf3, 0x00, 0x07, 0xff, 0xfa, 0x00, 0x00, 0xff, 0xff,
    0x00, 0x00, 0x00, 0x00, 0x5f, 0xff, 0xff, 0x50, 0xff, 0xff, 0x00, 0x00, 0xff, 0xf9, 0x00, 0x03,
    0xff, 0xfc, 0x00, 0x00, 0xff, 0xff, 0x00, 0x00, 0x00, 0x00, 0x05, 0xff, 0xff, 0xf5, 0xff, 0xff,
    0x00, 0x00, 0xff, 0xfd, 0x00, 0x01, 0xff, 0xfe, 0x00, 0x00, 0xff, 0xff, 0x00, 0x00, 0x00, 0x00,
    0x00, 0x5f, 0xff, 0xff, 0xff, 0xff, 0x00, 0x00, 0xff, 0xff, 0x00, 0x00, 0xff, 0xff, 0x00, 0x00,
    0xff, 0xff, 0x00, 0x00, 0x00, 0x00, 0x00, 0x05, 0xff, 0xff, 0xff, 0xff, 0x00, 0x00, 0xff, 0xff,
    0x00, 0x00, 0xff, 0xff, 0x00, 0x00, 0xff, 0xff, 0x00, 0x00, 0x00, 0x00, 0x00, 0x00, 0x5f, 0xff,
    0xff, 0xff, 0x00, 0x00, 0xdf, 0xfd, 0x00, 0x01, 0xff, 0xfe, 0x00, 0x00, 0xff, 0xff, 0x00, 0x00,
    0x00, 0x00, 0x00, 0x00, 0x05, 0xff, 0xff, 0xff, 0x00, 0x00, 0x2d, 0xf9, 0x00, 0x03, 0xff, 0xfc,
    0x00, 0x00, 0xff, 0xff, 0x00, 0x00, 0x00, 0x00, 0x00, 0x00, 0x00, 0x5f, 0xff, 0xff, 0x50, 0x00,
    0x02, 0xd3, 0x00, 0x07, 0xff, 0xfa, 0x00, 0x00, 0xef, 0xff, 0xff, 0xff, 0xff, 0xff, 0xfe, 0x30,
    0x00, 0x05, 0xff, 0xff, 0xf5, 0x00, 0x00, 0x10, 0x00, 0x0b, 0xff, 0xf6, 0x00, 0x00, 0xaf, 0xff,
    0xff, 0xff, 0xff, 0xff, 0xff, 0xe3, 0x00, 0x00, 0xff, 0xff, 0xff, 0x50, 0x00, 0x00, 0x00, 0x2f,
    0xff, 0xf2, 0x00, 0x00, 0x2e, 0xff, 0xff, 0xff, 0xff, 0xff, 0xff, 0xfe, 0x30, 0x00, 0xff, 0xff,
    0xff, 0xf5, 0x00, 0x00, 0x00, 0x9f, 0xff, 0xc0, 0x00, 0x00, 0x02, 0xae, 0xff, 0xff, 0xff, 0xff,
    0xff, 0xff, 0xe3, 0x00, 0xff, 0xff, 0xff, 0xff, 0x50, 0x00, 0x00, 0xdf, 0xff, 0x50, 0x00, 0x00,
    0x00, 0x00, 0x00, 0x00, 0x00, 0x00, 0x8f, 0xff, 0xfe, 0x30, 0xff, 0xff, 0xff, 0xff, 0xf5, 0x00,
    0x00, 0x2d, 0xfd, 0x00, 0x00, 0x00, 0x00, 0x00, 0x00, 0x00, 0x00, 0x00, 0x08, 0xff, 0xff, 0xe3,
    0xff, 0xff, 0x5f, 0xff, 0xff, 0x50, 0x00, 0x02, 0xd4, 0x00, 0x00, 0x00, 0x00, 0x00, 0x00, 0x00,
    0x00, 0x00, 0x00, 0x8f, 0xff, 0xfe, 0xff, 0xff, 0x05, 0xff, 0xff, 0xf5, 0x00, 0x00, 0x10, 0x00,
    0x00, 0x00, 0x00, 0x00, 0x00, 0x00, 0x00, 0x00, 0x00, 0x08, 0xff, 0xff, 0xff, 0xff, 0x00, 0x5f,
    0xff, 0xff, 0x50, 0x00, 0x00, 0x00, 0x00, 0x00, 0x00, 0x00, 0x00, 0x00, 0x00, 0x00, 0x00, 0x00,
    0x8f, 0xff, 0xff, 0xff, 0x00, 0x05, 0xff, 0xff, 0xf5, 0x00, 0x00, 0x00, 0x00, 0x00, 0x00, 0x00,
    0x00, 0x00, 0x00, 0x00, 0x00, 0x00, 0x08, 0xff, 0xff, 0xff, 0x00, 0x00, 0x5f, 0xff, 0xff, 0x50,
    0x00, 0x00, 0x00, 0x00, 0x00, 0x00, 0x00, 0x00, 0x00, 0x00, 0x00, 0x00, 0x00, 0x8f, 0xff, 0xff,
    0x00, 0x00, 0x05, 0xff, 0xff, 0xf5, 0x00, 0x00, 0x00, 0x00, 0x00, 0x00, 0x00, 0x00, 0x00, 0x00,
    0x00, 0x00, 0x00, 0x07, 0xff, 0xfd, 0x00, 0x00, 0x00, 0x5f, 0xff, 0xff, 0x50, 0x00, 0x00, 0x00,
    0x00, 0x00, 0x00, 0x00, 0x00, 0x00, 0x00, 0x00, 0x00, 0x00, 0x6f, 0xf7, 0x00, 0x00, 0x00, 0x05,
    0xff, 0xff, 0xf5, 0x00, 0x00, 0x00, 0x00, 0x00, 0x00, 0x00, 0x00, 0x00, 0x00, 0x00, 0x00, 0x00,
    0x01, 0x10, 0x00, 0x00, 0x00, 0x00, 0x5f, 0xff, 0xff, 0x50, 0x00, 0x00, 0x00, 0x00, 0x00, 0x00,
    0x00, 0x00, 0x00, 0x00, 0x00, 0x00, 0x00, 0x00, 0x00, 0x00, 0x00, 0x00, 0x05, 0xff, 0xff, 0xe1,
    0x00, 0x00, 0x00, 0x00, 0x00, 0x00, 0x00, 0x00, 0x00, 0x00, 0x00, 0x00, 0x00, 0x00, 0x00, 0x00,
    0x00, 0x00, 0x00, 0x5f, 0xfe, 0x30, 0x00, 0x00, 0x00, 0x00, 0x00, 0x00, 0x00, 0x00, 0x00, 0x00,
    0x00, 0x00, 0x00, 0x00, 0x00, 0x00, 0x00, 0x00, 0x00, 0x05, 0xe3, 0x00, 0x00, 0x00, 0x00, 0x00,
    0x00, 0x00, 0x00, 0x00, 0x00, 0x00, 0x00, 0x00, 0x00, 0x00, 0x00, 0x00, 0x00, 0x00, 0x00, 0x00,
    0x10, 0x00,
};

static const lv_font_fmt_txt_glyph_dsc_t glyph_dsc[] = {
    {.bitmap_index = 0, .adv_w = 0, .box_w = 0, .box_h = 0, .ofs_x = 0, .ofs_y = 0} /* id = 0 reserved */,
    {.bitmap_index = 0, .adv_w = 768, .box_w = 40, .box_h = 40, .ofs_x = 4, .ofs_y = -2}, /* U+E000 wind */
    {.bitmap_index = 800, .adv_w = 768, .box_w = 40, .box_h = 34, .ofs_x = 4, .ofs_y = 2}, /* U+E001 stw */
    {.bitmap_index = 1480, .adv_w = 768, .box_w = 40, .box_h = 41, .ofs_x = 4, .ofs_y = -2}, /* U+E002 depth */
    {.bitmap_index = 2300, .adv_w = 768, .box_w = 40, .box_h = 30, .ofs_x = 4, .ofs_y = 4}, /* U+E003 engine */
    {.bitmap_index = 2900, .adv_w = 768, .box_w = 41, .box_h = 26, .ofs_x = 4, .ofs_y = 4}, /* U+E004 propulsion-rudder */
    {.bitmap_index = 3433, .adv_w = 768, .box_w = 28, .box_h = 38, .ofs_x = 10, .ofs_y = 2}, /* U+E005 ais-target-activated-iec */
    {.bitmap_index = 3965, .adv_w = 768, .box_w = 40, .box_h = 36, .ofs_x = 4, .ofs_y = 0}, /* U+E006 trend */
    {.bitmap_index = 4685, .adv_w = 768, .box_w = 44, .box_h = 40, .ofs_x = 2, .ofs_y = -2}, /* U+E007 command-autopilot */
    {.bitmap_index = 5565, .adv_w = 768, .box_w = 40, .box_h = 36, .ofs_x = 4, .ofs_y = 0}, /* U+E008 sound */
    {.bitmap_index = 6285, .adv_w = 768, .box_w = 42, .box_h = 41, .ofs_x = 3, .ofs_y = -2}, /* U+E009 roll */
    {.bitmap_index = 7146, .adv_w = 768, .box_w = 36, .box_h = 40, .ofs_x = 6, .ofs_y = -2}, /* U+E00A anchorwatch */
    {.bitmap_index = 7866, .adv_w = 768, .box_w = 40, .box_h = 36, .ofs_x = 4, .ofs_y = 0}, /* U+E00B tank */
    {.bitmap_index = 8586, .adv_w = 768, .box_w = 20, .box_h = 42, .ofs_x = 14, .ofs_y = -2}, /* U+E00C battery-vertical-full */
    {.bitmap_index = 9006, .adv_w = 768, .box_w = 40, .box_h = 44, .ofs_x = 4, .ofs_y = -4}, /* U+E00D weather */
    {.bitmap_index = 9886, .adv_w = 768, .box_w = 40, .box_h = 40, .ofs_x = 4, .ofs_y = -2}, /* U+E00E time */
    {.bitmap_index = 10686, .adv_w = 768, .box_w = 40, .box_h = 40, .ofs_x = 4, .ofs_y = -2}, /* U+E00F waypoint-next-iec */
    {.bitmap_index = 11486, .adv_w = 768, .box_w = 36, .box_h = 36, .ofs_x = 6, .ofs_y = 0}, /* U+E010 table */
    {.bitmap_index = 12134, .adv_w = 768, .box_w = 40, .box_h = 40, .ofs_x = 4, .ofs_y = -2}, /* U+E011 settings-iec */
    {.bitmap_index = 12934, .adv_w = 768, .box_w = 32, .box_h = 36, .ofs_x = 8, .ofs_y = 0}, /* U+E012 home */
    {.bitmap_index = 13510, .adv_w = 768, .box_w = 15, .box_h = 24, .ofs_x = 16, .ofs_y = 6}, /* U+E013 chevron-left-google */
    {.bitmap_index = 13690, .adv_w = 768, .box_w = 15, .box_h = 24, .ofs_x = 17, .ofs_y = 6}, /* U+E014 chevron-right-google */
    {.bitmap_index = 13870, .adv_w = 768, .box_w = 28, .box_h = 28, .ofs_x = 10, .ofs_y = 4}, /* U+E015 close-google */
    {.bitmap_index = 14262, .adv_w = 768, .box_w = 44, .box_h = 42, .ofs_x = 2, .ofs_y = -2}, /* U+E016 alarm */
    {.bitmap_index = 15186, .adv_w = 768, .box_w = 40, .box_h = 36, .ofs_x = 4, .ofs_y = 0}, /* U+E017 simulation */
    {.bitmap_index = 15906, .adv_w = 768, .box_w = 32, .box_h = 28, .ofs_x = 8, .ofs_y = 4}, /* U+E018 media-skip-previous */
    {.bitmap_index = 16354, .adv_w = 768, .box_w = 24, .box_h = 30, .ofs_x = 16, .ofs_y = 3}, /* U+E019 media-play */
    {.bitmap_index = 16714, .adv_w = 768, .box_w = 24, .box_h = 28, .ofs_x = 12, .ofs_y = 4}, /* U+E01A media-pause */
    {.bitmap_index = 17050, .adv_w = 768, .box_w = 32, .box_h = 28, .ofs_x = 8, .ofs_y = 4}, /* U+E01B media-skip-next */
    {.bitmap_index = 17498, .adv_w = 768, .box_w = 44, .box_h = 44, .ofs_x = 0, .ofs_y = -4}, /* U+E01C sound-muted */
};

static const lv_font_fmt_txt_cmap_t cmaps[] = {
    {
        .range_start = 57344, .range_length = 29, .glyph_id_start = 1,
        .unicode_list = NULL, .glyph_id_ofs_list = NULL,
        .list_length = 0, .type = LV_FONT_FMT_TXT_CMAP_FORMAT0_TINY
    }
};

static lv_font_fmt_txt_glyph_cache_t cache;
static const lv_font_fmt_txt_dsc_t font_dsc = {
    .glyph_bitmap = glyph_bitmap,
    .glyph_dsc = glyph_dsc,
    .cmaps = cmaps,
    .kern_dsc = NULL,
    .kern_scale = 0,
    .cmap_num = 1,
    .bpp = 4,
    .kern_classes = 0,
    .bitmap_format = 0,
    .cache = &cache
};

/* Line metrics copied from Montserrat 48: the font only ever serves as a fallback
 * behind it, and LVGL positions a fallback glyph on the MAIN font's baseline. */
const lv_font_t ob_icons_48 = {
    .get_glyph_dsc = lv_font_get_glyph_dsc_fmt_txt,
    .get_glyph_bitmap = lv_font_get_bitmap_fmt_txt,
    .line_height = 52,
    .base_line = 9,
    .subpx = LV_FONT_SUBPX_NONE,
    .underline_position = -4,
    .underline_thickness = 2,
    .dsc = &font_dsc,
    .fallback = NULL,
    .user_data = NULL,
};
